分类,视频,类型,点赞,评论,综合评分
翻唱,【超实用】你的手机号绑定了多少app？30秒快速查询、解绑！,社会,147649,4142,47194.1
翻唱,读书不知归处，误入书画境中,绘画,380361,1034,114832.1
翻唱,【暴走大事件第九季】 05 考漂移、测智商、忽悠聊天？扒一扒各国驾考文化,综艺,23295,477,7322.4
翻唱,夜以继日，蛮横搏斗太刺激，这鱼我等它一年了！,运动综合,31569,2240,11038.699999999999
翻唱,《 轻 轻 敲 醒 沉 睡 的 心 灵 》,单机游戏,72509,370,22011.7
翻唱,一个午餐肉罐头能放十年还不坏，原理是什么？,科学科普,46941,957,14752.199999999999
翻唱,卧槽！原来刘亦菲当年说的都是真的！,粉丝创作,60805,2630,20082.5
翻唱,这个4年前最被期待的射击游戏终于要来了！【第三次世界大战】,网络游戏,294276,3446,90695.0
翻唱,你们根本不懂有女儿的快乐………,搞笑,31401,283,9618.4
翻唱,大庆赶海，发现一只大个猫眼螺藏在沙子里，肥肥的一捏全是水,田园美食,36821,462,11369.699999999999
翻唱,假如世界禁止嘤嘤怪,健身,21531,314,6679.1
翻唱,称霸亚洲走向世界？印度的大国梦是怎么破碎的,人文历史,12224,435,3971.7
翻唱,艾特喜欢汪汪的男孩子来看,汪星人,35004,859,11102.499999999998
翻唱,为什么男人的韭菜不好割了【沈帅波】,财经商业,18735,1048,6354.1
翻唱,在乡下生活也是一种享受,搞笑,39670,412,12189.4
翻唱,千 万 别 在 西 藏 上 厕 所 ！,出行,34923,908,11112.5
翻唱,编剧真的没有必要让男女主强行双洁！！！,影视杂谈,24466,3325,9667.3
翻唱,课 堂 请 勿 对 对 子【2022毕业篇】！！！,短片·手书·配音,298436,1774,90772.6
翻唱,金字塔尖的做法！肉香和豆豉香结合，下饭简直一绝~丨回锅肉,美食制作,18163,606,5873.099999999999
翻唱,原来蹭吃蹭喝这么幸福，就不知道以后有没有机会呀，哈哈哈,出行,58195,456,17777.7
翻唱,2022《伴你成长》毕业季大合唱来了！,MV,142981,1706,44088.49999999999
翻唱,在印度想家了怎么办？吃点家乡的美食！,美食侦探,148959,2340,46325.7
翻唱,如果僵尸拿起了铲子！,单机游戏,305280,477,91917.9
翻唱,谢谢你，虚空妈咪,电子竞技,53887,962,16839.5
翻唱,空灵嗓音直击灵魂深处，男女合唱英文版《海底》,翻唱,13895,459,4489.8
翻唱,我知道，喜茶很想弄死我...,美食制作,104132,1188,32071.199999999997
翻唱,学渣的自我修养！画地为牢什么的，常规操作而已,搞笑,165165,364,49804.3
翻唱,Cardi B《浦巴罗》精彩片段,明星综合,20721,547,6599.2
翻唱,【原神填词/海底】浮生终一刹，万般皆难舍,手机游戏,23866,505,7513.3
翻唱,孤勇者小学生 但是特效拉满,鬼畜剧场,337827,3211,103595.79999999999
翻唱,我只是多看了他一眼，他就拼命追我们，可能是疯了？,汪星人,212167,2935,65704.6
翻唱,小诊所深藏中医圣手，他用吸血鬼造神奇，为病人好从不多开一副药,科学科普,54592,1045,17109.1
翻唱,老外vs你的联系方式,搞笑,58616,816,18156.0
翻唱,剧TOP：豆瓣9.1，现象级韩剧《D.P逃兵追缉令》（上）,影视杂谈,35567,1367,11627.0
翻唱,“一百一别住酒店了，你上我家住别墅去吧。”出行奇遇，路遇“空城”,出行,13278,1844,5274.2
翻唱,大家切记 东西咱能不买就不买 能白嫖就白嫖,日常,86296,1420,26882.8
翻唱,后来的古言剧再无这般惊才绝艳的台词！这来自几百年前的女性呐喊至今振聋发聩,影视剪辑,27498,393,8524.5
翻唱,求求你别卷了！这玩意在校门口卖10元真不贵…,美食制作,58679,538,17980.3
翻唱,这玩意才是米饭杀手！！！,美食制作,21558,491,6811.099999999999
翻唱,中国上海独有的超市？美食堪比世界级食堂！烤猪肘、烤鸡竟然是这味道？,美食测评,23195,431,7260.2
翻唱,在毕业最后一天和被拒三年的学姐表白？,美妆护肤,65853,889,20378.199999999997
翻唱,“一步之遥-金州勇士”,篮球,53916,272,16365.199999999999
翻唱,【神超云顶之弈】T0冒险刀霞！顶级拼多多理解把把吃分， 学会三天上大师！【S7巨龙之境阵容教学】,电子竞技,24624,1540,8465.2
翻唱,有一个表情管理的教导主任是什么体验,舞蹈综合,209120,1745,63957.5
翻唱,破败之王超级分身：50个英雄！我一个人就是军队！(破败之王 佛耶戈BUG),电子竞技,11105,875,3944.0
翻唱,李庄白肉  厨子探店¥199,美食侦探,81812,2064,25988.399999999998
翻唱,这也行？我国科学家通过蚂蟥体内DNA分析保护区动物！,社会,49235,1040,15498.5
翻唱,去孔子学院接侯哥放学，检查学习成果，新房子买电缆刚好1000万当地币,出行,21534,1053,7197.299999999999
翻唱,食人巨鳄横行非洲40年，开枪打不死至今没抓着，现实比电影还离谱···,动物综合,11338,691,3885.1
翻唱,80买3斤牛最便宜的肉，看着丑，做好香！比牛腱肉还好吃！,美食记录,14823,426,4745.099999999999
绘画,【超实用】你的手机号绑定了多少app？30秒快速查询、解绑！,社会,147649,4142,47194.1
绘画,读书不知归处，误入书画境中,绘画,380361,1034,114832.1
绘画,【暴走大事件第九季】 05 考漂移、测智商、忽悠聊天？扒一扒各国驾考文化,综艺,23295,477,7322.4
绘画,夜以继日，蛮横搏斗太刺激，这鱼我等它一年了！,运动综合,31569,2240,11038.699999999999
绘画,《 轻 轻 敲 醒 沉 睡 的 心 灵 》,单机游戏,72509,370,22011.7
绘画,一个午餐肉罐头能放十年还不坏，原理是什么？,科学科普,46941,957,14752.199999999999
绘画,卧槽！原来刘亦菲当年说的都是真的！,粉丝创作,60805,2630,20082.5
绘画,这个4年前最被期待的射击游戏终于要来了！【第三次世界大战】,网络游戏,294276,3446,90695.0
绘画,你们根本不懂有女儿的快乐………,搞笑,31401,283,9618.4
绘画,大庆赶海，发现一只大个猫眼螺藏在沙子里，肥肥的一捏全是水,田园美食,36821,462,11369.699999999999
绘画,假如世界禁止嘤嘤怪,健身,21531,314,6679.1
绘画,称霸亚洲走向世界？印度的大国梦是怎么破碎的,人文历史,12224,435,3971.7
绘画,艾特喜欢汪汪的男孩子来看,汪星人,35004,859,11102.499999999998
绘画,为什么男人的韭菜不好割了【沈帅波】,财经商业,18735,1048,6354.1
绘画,在乡下生活也是一种享受,搞笑,39670,412,12189.4
绘画,千 万 别 在 西 藏 上 厕 所 ！,出行,34923,908,11112.5
绘画,编剧真的没有必要让男女主强行双洁！！！,影视杂谈,24466,3325,9667.3
绘画,课 堂 请 勿 对 对 子【2022毕业篇】！！！,短片·手书·配音,298436,1774,90772.6
绘画,金字塔尖的做法！肉香和豆豉香结合，下饭简直一绝~丨回锅肉,美食制作,18163,606,5873.099999999999
绘画,原来蹭吃蹭喝这么幸福，就不知道以后有没有机会呀，哈哈哈,出行,58195,456,17777.7
绘画,2022《伴你成长》毕业季大合唱来了！,MV,142981,1706,44088.49999999999
绘画,在印度想家了怎么办？吃点家乡的美食！,美食侦探,148959,2340,46325.7
绘画,如果僵尸拿起了铲子！,单机游戏,305280,477,91917.9
绘画,谢谢你，虚空妈咪,电子竞技,53887,962,16839.5
绘画,空灵嗓音直击灵魂深处，男女合唱英文版《海底》,翻唱,13895,459,4489.8
绘画,我知道，喜茶很想弄死我...,美食制作,104132,1188,32071.199999999997
绘画,学渣的自我修养！画地为牢什么的，常规操作而已,搞笑,165165,364,49804.3
绘画,Cardi B《浦巴罗》精彩片段,明星综合,20721,547,6599.2
绘画,【原神填词/海底】浮生终一刹，万般皆难舍,手机游戏,23866,505,7513.3
绘画,孤勇者小学生 但是特效拉满,鬼畜剧场,337827,3211,103595.79999999999
绘画,我只是多看了他一眼，他就拼命追我们，可能是疯了？,汪星人,212167,2935,65704.6
绘画,小诊所深藏中医圣手，他用吸血鬼造神奇，为病人好从不多开一副药,科学科普,54592,1045,17109.1
绘画,老外vs你的联系方式,搞笑,58616,816,18156.0
绘画,剧TOP：豆瓣9.1，现象级韩剧《D.P逃兵追缉令》（上）,影视杂谈,35567,1367,11627.0
绘画,“一百一别住酒店了，你上我家住别墅去吧。”出行奇遇，路遇“空城”,出行,13278,1844,5274.2
绘画,大家切记 东西咱能不买就不买 能白嫖就白嫖,日常,86296,1420,26882.8
绘画,后来的古言剧再无这般惊才绝艳的台词！这来自几百年前的女性呐喊至今振聋发聩,影视剪辑,27498,393,8524.5
绘画,求求你别卷了！这玩意在校门口卖10元真不贵…,美食制作,58679,538,17980.3
绘画,这玩意才是米饭杀手！！！,美食制作,21558,491,6811.099999999999
绘画,中国上海独有的超市？美食堪比世界级食堂！烤猪肘、烤鸡竟然是这味道？,美食测评,23195,431,7260.2
绘画,在毕业最后一天和被拒三年的学姐表白？,美妆护肤,65853,889,20378.199999999997
绘画,“一步之遥-金州勇士”,篮球,53916,272,16365.199999999999
绘画,【神超云顶之弈】T0冒险刀霞！顶级拼多多理解把把吃分， 学会三天上大师！【S7巨龙之境阵容教学】,电子竞技,24624,1540,8465.2
绘画,有一个表情管理的教导主任是什么体验,舞蹈综合,209120,1745,63957.5
绘画,破败之王超级分身：50个英雄！我一个人就是军队！(破败之王 佛耶戈BUG),电子竞技,11105,875,3944.0
绘画,李庄白肉  厨子探店¥199,美食侦探,81812,2064,25988.399999999998
绘画,这也行？我国科学家通过蚂蟥体内DNA分析保护区动物！,社会,49235,1040,15498.5
绘画,去孔子学院接侯哥放学，检查学习成果，新房子买电缆刚好1000万当地币,出行,21534,1053,7197.299999999999
绘画,食人巨鳄横行非洲40年，开枪打不死至今没抓着，现实比电影还离谱···,动物综合,11338,691,3885.1
绘画,80买3斤牛最便宜的肉，看着丑，做好香！比牛腱肉还好吃！,美食记录,14823,426,4745.099999999999
舞蹈综合,【超实用】你的手机号绑定了多少app？30秒快速查询、解绑！,社会,147649,4142,47194.1
舞蹈综合,读书不知归处，误入书画境中,绘画,380361,1034,114832.1
舞蹈综合,【暴走大事件第九季】 05 考漂移、测智商、忽悠聊天？扒一扒各国驾考文化,综艺,23295,477,7322.4
舞蹈综合,夜以继日，蛮横搏斗太刺激，这鱼我等它一年了！,运动综合,31569,2240,11038.699999999999
舞蹈综合,《 轻 轻 敲 醒 沉 睡 的 心 灵 》,单机游戏,72509,370,22011.7
舞蹈综合,一个午餐肉罐头能放十年还不坏，原理是什么？,科学科普,46941,957,14752.199999999999
舞蹈综合,卧槽！原来刘亦菲当年说的都是真的！,粉丝创作,60805,2630,20082.5
舞蹈综合,这个4年前最被期待的射击游戏终于要来了！【第三次世界大战】,网络游戏,294276,3446,90695.0
舞蹈综合,你们根本不懂有女儿的快乐………,搞笑,31401,283,9618.4
舞蹈综合,大庆赶海，发现一只大个猫眼螺藏在沙子里，肥肥的一捏全是水,田园美食,36821,462,11369.699999999999
舞蹈综合,假如世界禁止嘤嘤怪,健身,21531,314,6679.1
舞蹈综合,称霸亚洲走向世界？印度的大国梦是怎么破碎的,人文历史,12224,435,3971.7
舞蹈综合,艾特喜欢汪汪的男孩子来看,汪星人,35004,859,11102.499999999998
舞蹈综合,为什么男人的韭菜不好割了【沈帅波】,财经商业,18735,1048,6354.1
舞蹈综合,在乡下生活也是一种享受,搞笑,39670,412,12189.4
舞蹈综合,千 万 别 在 西 藏 上 厕 所 ！,出行,34923,908,11112.5
舞蹈综合,编剧真的没有必要让男女主强行双洁！！！,影视杂谈,24466,3325,9667.3
舞蹈综合,课 堂 请 勿 对 对 子【2022毕业篇】！！！,短片·手书·配音,298436,1774,90772.6
舞蹈综合,金字塔尖的做法！肉香和豆豉香结合，下饭简直一绝~丨回锅肉,美食制作,18163,606,5873.099999999999
舞蹈综合,原来蹭吃蹭喝这么幸福，就不知道以后有没有机会呀，哈哈哈,出行,58195,456,17777.7
舞蹈综合,2022《伴你成长》毕业季大合唱来了！,MV,142981,1706,44088.49999999999
舞蹈综合,在印度想家了怎么办？吃点家乡的美食！,美食侦探,148959,2340,46325.7
舞蹈综合,如果僵尸拿起了铲子！,单机游戏,305280,477,91917.9
舞蹈综合,谢谢你，虚空妈咪,电子竞技,53887,962,16839.5
舞蹈综合,空灵嗓音直击灵魂深处，男女合唱英文版《海底》,翻唱,13895,459,4489.8
舞蹈综合,我知道，喜茶很想弄死我...,美食制作,104132,1188,32071.199999999997
舞蹈综合,学渣的自我修养！画地为牢什么的，常规操作而已,搞笑,165165,364,49804.3
舞蹈综合,Cardi B《浦巴罗》精彩片段,明星综合,20721,547,6599.2
舞蹈综合,【原神填词/海底】浮生终一刹，万般皆难舍,手机游戏,23866,505,7513.3
舞蹈综合,孤勇者小学生 但是特效拉满,鬼畜剧场,337827,3211,103595.79999999999
舞蹈综合,我只是多看了他一眼，他就拼命追我们，可能是疯了？,汪星人,212167,2935,65704.6
舞蹈综合,小诊所深藏中医圣手，他用吸血鬼造神奇，为病人好从不多开一副药,科学科普,54592,1045,17109.1
舞蹈综合,老外vs你的联系方式,搞笑,58616,816,18156.0
舞蹈综合,剧TOP：豆瓣9.1，现象级韩剧《D.P逃兵追缉令》（上）,影视杂谈,35567,1367,11627.0
舞蹈综合,“一百一别住酒店了，你上我家住别墅去吧。”出行奇遇，路遇“空城”,出行,13278,1844,5274.2
舞蹈综合,大家切记 东西咱能不买就不买 能白嫖就白嫖,日常,86296,1420,26882.8
舞蹈综合,后来的古言剧再无这般惊才绝艳的台词！这来自几百年前的女性呐喊至今振聋发聩,影视剪辑,27498,393,8524.5
舞蹈综合,求求你别卷了！这玩意在校门口卖10元真不贵…,美食制作,58679,538,17980.3
舞蹈综合,这玩意才是米饭杀手！！！,美食制作,21558,491,6811.099999999999
舞蹈综合,中国上海独有的超市？美食堪比世界级食堂！烤猪肘、烤鸡竟然是这味道？,美食测评,23195,431,7260.2
舞蹈综合,在毕业最后一天和被拒三年的学姐表白？,美妆护肤,65853,889,20378.199999999997
舞蹈综合,“一步之遥-金州勇士”,篮球,53916,272,16365.199999999999
舞蹈综合,【神超云顶之弈】T0冒险刀霞！顶级拼多多理解把把吃分， 学会三天上大师！【S7巨龙之境阵容教学】,电子竞技,24624,1540,8465.2
舞蹈综合,有一个表情管理的教导主任是什么体验,舞蹈综合,209120,1745,63957.5
舞蹈综合,破败之王超级分身：50个英雄！我一个人就是军队！(破败之王 佛耶戈BUG),电子竞技,11105,875,3944.0
舞蹈综合,李庄白肉  厨子探店¥199,美食侦探,81812,2064,25988.399999999998
舞蹈综合,这也行？我国科学家通过蚂蟥体内DNA分析保护区动物！,社会,49235,1040,15498.5
舞蹈综合,去孔子学院接侯哥放学，检查学习成果，新房子买电缆刚好1000万当地币,出行,21534,1053,7197.299999999999
舞蹈综合,食人巨鳄横行非洲40年，开枪打不死至今没抓着，现实比电影还离谱···,动物综合,11338,691,3885.1
舞蹈综合,80买3斤牛最便宜的肉，看着丑，做好香！比牛腱肉还好吃！,美食记录,14823,426,4745.099999999999
影视剪辑,【超实用】你的手机号绑定了多少app？30秒快速查询、解绑！,社会,147649,4142,47194.1
影视剪辑,读书不知归处，误入书画境中,绘画,380361,1034,114832.1
影视剪辑,【暴走大事件第九季】 05 考漂移、测智商、忽悠聊天？扒一扒各国驾考文化,综艺,23295,477,7322.4
影视剪辑,夜以继日，蛮横搏斗太刺激，这鱼我等它一年了！,运动综合,31569,2240,11038.699999999999
影视剪辑,《 轻 轻 敲 醒 沉 睡 的 心 灵 》,单机游戏,72509,370,22011.7
影视剪辑,一个午餐肉罐头能放十年还不坏，原理是什么？,科学科普,46941,957,14752.199999999999
影视剪辑,卧槽！原来刘亦菲当年说的都是真的！,粉丝创作,60805,2630,20082.5
影视剪辑,这个4年前最被期待的射击游戏终于要来了！【第三次世界大战】,网络游戏,294276,3446,90695.0
影视剪辑,你们根本不懂有女儿的快乐………,搞笑,31401,283,9618.4
影视剪辑,大庆赶海，发现一只大个猫眼螺藏在沙子里，肥肥的一捏全是水,田园美食,36821,462,11369.699999999999
影视剪辑,假如世界禁止嘤嘤怪,健身,21531,314,6679.1
影视剪辑,称霸亚洲走向世界？印度的大国梦是怎么破碎的,人文历史,12224,435,3971.7
影视剪辑,艾特喜欢汪汪的男孩子来看,汪星人,35004,859,11102.499999999998
影视剪辑,为什么男人的韭菜不好割了【沈帅波】,财经商业,18735,1048,6354.1
影视剪辑,在乡下生活也是一种享受,搞笑,39670,412,12189.4
影视剪辑,千 万 别 在 西 藏 上 厕 所 ！,出行,34923,908,11112.5
影视剪辑,编剧真的没有必要让男女主强行双洁！！！,影视杂谈,24466,3325,9667.3
影视剪辑,课 堂 请 勿 对 对 子【2022毕业篇】！！！,短片·手书·配音,298436,1774,90772.6
影视剪辑,金字塔尖的做法！肉香和豆豉香结合，下饭简直一绝~丨回锅肉,美食制作,18163,606,5873.099999999999
影视剪辑,原来蹭吃蹭喝这么幸福，就不知道以后有没有机会呀，哈哈哈,出行,58195,456,17777.7
影视剪辑,2022《伴你成长》毕业季大合唱来了！,MV,142981,1706,44088.49999999999
影视剪辑,在印度想家了怎么办？吃点家乡的美食！,美食侦探,148959,2340,46325.7
影视剪辑,如果僵尸拿起了铲子！,单机游戏,305280,477,91917.9
影视剪辑,谢谢你，虚空妈咪,电子竞技,53887,962,16839.5
影视剪辑,空灵嗓音直击灵魂深处，男女合唱英文版《海底》,翻唱,13895,459,4489.8
影视剪辑,我知道，喜茶很想弄死我...,美食制作,104132,1188,32071.199999999997
影视剪辑,学渣的自我修养！画地为牢什么的，常规操作而已,搞笑,165165,364,49804.3
影视剪辑,Cardi B《浦巴罗》精彩片段,明星综合,20721,547,6599.2
影视剪辑,【原神填词/海底】浮生终一刹，万般皆难舍,手机游戏,23866,505,7513.3
影视剪辑,孤勇者小学生 但是特效拉满,鬼畜剧场,337827,3211,103595.79999999999
影视剪辑,我只是多看了他一眼，他就拼命追我们，可能是疯了？,汪星人,212167,2935,65704.6
影视剪辑,小诊所深藏中医圣手，他用吸血鬼造神奇，为病人好从不多开一副药,科学科普,54592,1045,17109.1
影视剪辑,老外vs你的联系方式,搞笑,58616,816,18156.0
影视剪辑,剧TOP：豆瓣9.1，现象级韩剧《D.P逃兵追缉令》（上）,影视杂谈,35567,1367,11627.0
影视剪辑,“一百一别住酒店了，你上我家住别墅去吧。”出行奇遇，路遇“空城”,出行,13278,1844,5274.2
影视剪辑,大家切记 东西咱能不买就不买 能白嫖就白嫖,日常,86296,1420,26882.8
影视剪辑,后来的古言剧再无这般惊才绝艳的台词！这来自几百年前的女性呐喊至今振聋发聩,影视剪辑,27498,393,8524.5
影视剪辑,求求你别卷了！这玩意在校门口卖10元真不贵…,美食制作,58679,538,17980.3
影视剪辑,这玩意才是米饭杀手！！！,美食制作,21558,491,6811.099999999999
影视剪辑,中国上海独有的超市？美食堪比世界级食堂！烤猪肘、烤鸡竟然是这味道？,美食测评,23195,431,7260.2
影视剪辑,在毕业最后一天和被拒三年的学姐表白？,美妆护肤,65853,889,20378.199999999997
影视剪辑,“一步之遥-金州勇士”,篮球,53916,272,16365.199999999999
影视剪辑,【神超云顶之弈】T0冒险刀霞！顶级拼多多理解把把吃分， 学会三天上大师！【S7巨龙之境阵容教学】,电子竞技,24624,1540,8465.2
影视剪辑,有一个表情管理的教导主任是什么体验,舞蹈综合,209120,1745,63957.5
影视剪辑,破败之王超级分身：50个英雄！我一个人就是军队！(破败之王 佛耶戈BUG),电子竞技,11105,875,3944.0
影视剪辑,李庄白肉  厨子探店¥199,美食侦探,81812,2064,25988.399999999998
影视剪辑,这也行？我国科学家通过蚂蟥体内DNA分析保护区动物！,社会,49235,1040,15498.5
影视剪辑,去孔子学院接侯哥放学，检查学习成果，新房子买电缆刚好1000万当地币,出行,21534,1053,7197.299999999999
影视剪辑,食人巨鳄横行非洲40年，开枪打不死至今没抓着，现实比电影还离谱···,动物综合,11338,691,3885.1
影视剪辑,80买3斤牛最便宜的肉，看着丑，做好香！比牛腱肉还好吃！,美食记录,14823,426,4745.099999999999
美妆护肤,【超实用】你的手机号绑定了多少app？30秒快速查询、解绑！,社会,147649,4142,47194.1
美妆护肤,读书不知归处，误入书画境中,绘画,380361,1034,114832.1
美妆护肤,【暴走大事件第九季】 05 考漂移、测智商、忽悠聊天？扒一扒各国驾考文化,综艺,23295,477,7322.4
美妆护肤,夜以继日，蛮横搏斗太刺激，这鱼我等它一年了！,运动综合,31569,2240,11038.699999999999
美妆护肤,《 轻 轻 敲 醒 沉 睡 的 心 灵 》,单机游戏,72509,370,22011.7
美妆护肤,一个午餐肉罐头能放十年还不坏，原理是什么？,科学科普,46941,957,14752.199999999999
美妆护肤,卧槽！原来刘亦菲当年说的都是真的！,粉丝创作,60805,2630,20082.5
美妆护肤,这个4年前最被期待的射击游戏终于要来了！【第三次世界大战】,网络游戏,294276,3446,90695.0
美妆护肤,你们根本不懂有女儿的快乐………,搞笑,31401,283,9618.4
美妆护肤,大庆赶海，发现一只大个猫眼螺藏在沙子里，肥肥的一捏全是水,田园美食,36821,462,11369.699999999999
美妆护肤,假如世界禁止嘤嘤怪,健身,21531,314,6679.1
美妆护肤,称霸亚洲走向世界？印度的大国梦是怎么破碎的,人文历史,12224,435,3971.7
美妆护肤,艾特喜欢汪汪的男孩子来看,汪星人,35004,859,11102.499999999998
美妆护肤,为什么男人的韭菜不好割了【沈帅波】,财经商业,18735,1048,6354.1
美妆护肤,在乡下生活也是一种享受,搞笑,39670,412,12189.4
美妆护肤,千 万 别 在 西 藏 上 厕 所 ！,出行,34923,908,11112.5
美妆护肤,编剧真的没有必要让男女主强行双洁！！！,影视杂谈,24466,3325,9667.3
美妆护肤,课 堂 请 勿 对 对 子【2022毕业篇】！！！,短片·手书·配音,298436,1774,90772.6
美妆护肤,金字塔尖的做法！肉香和豆豉香结合，下饭简直一绝~丨回锅肉,美食制作,18163,606,5873.099999999999
美妆护肤,原来蹭吃蹭喝这么幸福，就不知道以后有没有机会呀，哈哈哈,出行,58195,456,17777.7
美妆护肤,2022《伴你成长》毕业季大合唱来了！,MV,142981,1706,44088.49999999999
美妆护肤,在印度想家了怎么办？吃点家乡的美食！,美食侦探,148959,2340,46325.7
美妆护肤,如果僵尸拿起了铲子！,单机游戏,305280,477,91917.9
美妆护肤,谢谢你，虚空妈咪,电子竞技,53887,962,16839.5
美妆护肤,空灵嗓音直击灵魂深处，男女合唱英文版《海底》,翻唱,13895,459,4489.8
美妆护肤,我知道，喜茶很想弄死我...,美食制作,104132,1188,32071.199999999997
美妆护肤,学渣的自我修养！画地为牢什么的，常规操作而已,搞笑,165165,364,49804.3
美妆护肤,Cardi B《浦巴罗》精彩片段,明星综合,20721,547,6599.2
美妆护肤,【原神填词/海底】浮生终一刹，万般皆难舍,手机游戏,23866,505,7513.3
美妆护肤,孤勇者小学生 但是特效拉满,鬼畜剧场,337827,3211,103595.79999999999
美妆护肤,我只是多看了他一眼，他就拼命追我们，可能是疯了？,汪星人,212167,2935,65704.6
美妆护肤,小诊所深藏中医圣手，他用吸血鬼造神奇，为病人好从不多开一副药,科学科普,54592,1045,17109.1
美妆护肤,老外vs你的联系方式,搞笑,58616,816,18156.0
美妆护肤,剧TOP：豆瓣9.1，现象级韩剧《D.P逃兵追缉令》（上）,影视杂谈,35567,1367,11627.0
美妆护肤,“一百一别住酒店了，你上我家住别墅去吧。”出行奇遇，路遇“空城”,出行,13278,1844,5274.2
美妆护肤,大家切记 东西咱能不买就不买 能白嫖就白嫖,日常,86296,1420,26882.8
美妆护肤,后来的古言剧再无这般惊才绝艳的台词！这来自几百年前的女性呐喊至今振聋发聩,影视剪辑,27498,393,8524.5
美妆护肤,求求你别卷了！这玩意在校门口卖10元真不贵…,美食制作,58679,538,17980.3
美妆护肤,这玩意才是米饭杀手！！！,美食制作,21558,491,6811.099999999999
美妆护肤,中国上海独有的超市？美食堪比世界级食堂！烤猪肘、烤鸡竟然是这味道？,美食测评,23195,431,7260.2
美妆护肤,在毕业最后一天和被拒三年的学姐表白？,美妆护肤,65853,889,20378.199999999997
美妆护肤,“一步之遥-金州勇士”,篮球,53916,272,16365.199999999999
美妆护肤,【神超云顶之弈】T0冒险刀霞！顶级拼多多理解把把吃分， 学会三天上大师！【S7巨龙之境阵容教学】,电子竞技,24624,1540,8465.2
美妆护肤,有一个表情管理的教导主任是什么体验,舞蹈综合,209120,1745,63957.5
美妆护肤,破败之王超级分身：50个英雄！我一个人就是军队！(破败之王 佛耶戈BUG),电子竞技,11105,875,3944.0
美妆护肤,李庄白肉  厨子探店¥199,美食侦探,81812,2064,25988.399999999998
美妆护肤,这也行？我国科学家通过蚂蟥体内DNA分析保护区动物！,社会,49235,1040,15498.5
美妆护肤,去孔子学院接侯哥放学，检查学习成果，新房子买电缆刚好1000万当地币,出行,21534,1053,7197.299999999999
美妆护肤,食人巨鳄横行非洲40年，开枪打不死至今没抓着，现实比电影还离谱···,动物综合,11338,691,3885.1
美妆护肤,80买3斤牛最便宜的肉，看着丑，做好香！比牛腱肉还好吃！,美食记录,14823,426,4745.099999999999
财经商业,【超实用】你的手机号绑定了多少app？30秒快速查询、解绑！,社会,147649,4142,47194.1
财经商业,读书不知归处，误入书画境中,绘画,380361,1034,114832.1
财经商业,【暴走大事件第九季】 05 考漂移、测智商、忽悠聊天？扒一扒各国驾考文化,综艺,23295,477,7322.4
财经商业,夜以继日，蛮横搏斗太刺激，这鱼我等它一年了！,运动综合,31569,2240,11038.699999999999
财经商业,《 轻 轻 敲 醒 沉 睡 的 心 灵 》,单机游戏,72509,370,22011.7
财经商业,一个午餐肉罐头能放十年还不坏，原理是什么？,科学科普,46941,957,14752.199999999999
财经商业,卧槽！原来刘亦菲当年说的都是真的！,粉丝创作,60805,2630,20082.5
财经商业,这个4年前最被期待的射击游戏终于要来了！【第三次世界大战】,网络游戏,294276,3446,90695.0
财经商业,你们根本不懂有女儿的快乐………,搞笑,31401,283,9618.4
财经商业,大庆赶海，发现一只大个猫眼螺藏在沙子里，肥肥的一捏全是水,田园美食,36821,462,11369.699999999999
财经商业,假如世界禁止嘤嘤怪,健身,21531,314,6679.1
财经商业,称霸亚洲走向世界？印度的大国梦是怎么破碎的,人文历史,12224,435,3971.7
财经商业,艾特喜欢汪汪的男孩子来看,汪星人,35004,859,11102.499999999998
财经商业,为什么男人的韭菜不好割了【沈帅波】,财经商业,18735,1048,6354.1
财经商业,在乡下生活也是一种享受,搞笑,39670,412,12189.4
财经商业,千 万 别 在 西 藏 上 厕 所 ！,出行,34923,908,11112.5
财经商业,编剧真的没有必要让男女主强行双洁！！！,影视杂谈,24466,3325,9667.3
财经商业,课 堂 请 勿 对 对 子【2022毕业篇】！！！,短片·手书·配音,298436,1774,90772.6
财经商业,金字塔尖的做法！肉香和豆豉香结合，下饭简直一绝~丨回锅肉,美食制作,18163,606,5873.099999999999
财经商业,原来蹭吃蹭喝这么幸福，就不知道以后有没有机会呀，哈哈哈,出行,58195,456,17777.7
财经商业,2022《伴你成长》毕业季大合唱来了！,MV,142981,1706,44088.49999999999
财经商业,在印度想家了怎么办？吃点家乡的美食！,美食侦探,148959,2340,46325.7
财经商业,如果僵尸拿起了铲子！,单机游戏,305280,477,91917.9
财经商业,谢谢你，虚空妈咪,电子竞技,53887,962,16839.5
财经商业,空灵嗓音直击灵魂深处，男女合唱英文版《海底》,翻唱,13895,459,4489.8
财经商业,我知道，喜茶很想弄死我...,美食制作,104132,1188,32071.199999999997
财经商业,学渣的自我修养！画地为牢什么的，常规操作而已,搞笑,165165,364,49804.3
财经商业,Cardi B《浦巴罗》精彩片段,明星综合,20721,547,6599.2
财经商业,【原神填词/海底】浮生终一刹，万般皆难舍,手机游戏,23866,505,7513.3
财经商业,孤勇者小学生 但是特效拉满,鬼畜剧场,337827,3211,103595.79999999999
财经商业,我只是多看了他一眼，他就拼命追我们，可能是疯了？,汪星人,212167,2935,65704.6
财经商业,小诊所深藏中医圣手，他用吸血鬼造神奇，为病人好从不多开一副药,科学科普,54592,1045,17109.1
财经商业,老外vs你的联系方式,搞笑,58616,816,18156.0
财经商业,剧TOP：豆瓣9.1，现象级韩剧《D.P逃兵追缉令》（上）,影视杂谈,35567,1367,11627.0
财经商业,“一百一别住酒店了，你上我家住别墅去吧。”出行奇遇，路遇“空城”,出行,13278,1844,5274.2
财经商业,大家切记 东西咱能不买就不买 能白嫖就白嫖,日常,86296,1420,26882.8
财经商业,后来的古言剧再无这般惊才绝艳的台词！这来自几百年前的女性呐喊至今振聋发聩,影视剪辑,27498,393,8524.5
财经商业,求求你别卷了！这玩意在校门口卖10元真不贵…,美食制作,58679,538,17980.3
财经商业,这玩意才是米饭杀手！！！,美食制作,21558,491,6811.099999999999
财经商业,中国上海独有的超市？美食堪比世界级食堂！烤猪肘、烤鸡竟然是这味道？,美食测评,23195,431,7260.2
财经商业,在毕业最后一天和被拒三年的学姐表白？,美妆护肤,65853,889,20378.199999999997
财经商业,“一步之遥-金州勇士”,篮球,53916,272,16365.199999999999
财经商业,【神超云顶之弈】T0冒险刀霞！顶级拼多多理解把把吃分， 学会三天上大师！【S7巨龙之境阵容教学】,电子竞技,24624,1540,8465.2
财经商业,有一个表情管理的教导主任是什么体验,舞蹈综合,209120,1745,63957.5
财经商业,破败之王超级分身：50个英雄！我一个人就是军队！(破败之王 佛耶戈BUG),电子竞技,11105,875,3944.0
财经商业,李庄白肉  厨子探店¥199,美食侦探,81812,2064,25988.399999999998
财经商业,这也行？我国科学家通过蚂蟥体内DNA分析保护区动物！,社会,49235,1040,15498.5
财经商业,去孔子学院接侯哥放学，检查学习成果，新房子买电缆刚好1000万当地币,出行,21534,1053,7197.299999999999
财经商业,食人巨鳄横行非洲40年，开枪打不死至今没抓着，现实比电影还离谱···,动物综合,11338,691,3885.1
财经商业,80买3斤牛最便宜的肉，看着丑，做好香！比牛腱肉还好吃！,美食记录,14823,426,4745.099999999999
美食侦探,【超实用】你的手机号绑定了多少app？30秒快速查询、解绑！,社会,147649,4142,47194.1
美食侦探,读书不知归处，误入书画境中,绘画,380361,1034,114832.1
美食侦探,【暴走大事件第九季】 05 考漂移、测智商、忽悠聊天？扒一扒各国驾考文化,综艺,23295,477,7322.4
美食侦探,夜以继日，蛮横搏斗太刺激，这鱼我等它一年了！,运动综合,31569,2240,11038.699999999999
美食侦探,《 轻 轻 敲 醒 沉 睡 的 心 灵 》,单机游戏,72509,370,22011.7
美食侦探,一个午餐肉罐头能放十年还不坏，原理是什么？,科学科普,46941,957,14752.199999999999
美食侦探,卧槽！原来刘亦菲当年说的都是真的！,粉丝创作,60805,2630,20082.5
美食侦探,这个4年前最被期待的射击游戏终于要来了！【第三次世界大战】,网络游戏,294276,3446,90695.0
美食侦探,你们根本不懂有女儿的快乐………,搞笑,31401,283,9618.4
美食侦探,大庆赶海，发现一只大个猫眼螺藏在沙子里，肥肥的一捏全是水,田园美食,36821,462,11369.699999999999
美食侦探,假如世界禁止嘤嘤怪,健身,21531,314,6679.1
美食侦探,称霸亚洲走向世界？印度的大国梦是怎么破碎的,人文历史,12224,435,3971.7
美食侦探,艾特喜欢汪汪的男孩子来看,汪星人,35004,859,11102.499999999998
美食侦探,为什么男人的韭菜不好割了【沈帅波】,财经商业,18735,1048,6354.1
美食侦探,在乡下生活也是一种享受,搞笑,39670,412,12189.4
美食侦探,千 万 别 在 西 藏 上 厕 所 ！,出行,34923,908,11112.5
美食侦探,编剧真的没有必要让男女主强行双洁！！！,影视杂谈,24466,3325,9667.3
美食侦探,课 堂 请 勿 对 对 子【2022毕业篇】！！！,短片·手书·配音,298436,1774,90772.6
美食侦探,金字塔尖的做法！肉香和豆豉香结合，下饭简直一绝~丨回锅肉,美食制作,18163,606,5873.099999999999
美食侦探,原来蹭吃蹭喝这么幸福，就不知道以后有没有机会呀，哈哈哈,出行,58195,456,17777.7
美食侦探,2022《伴你成长》毕业季大合唱来了！,MV,142981,1706,44088.49999999999
美食侦探,在印度想家了怎么办？吃点家乡的美食！,美食侦探,148959,2340,46325.7
美食侦探,如果僵尸拿起了铲子！,单机游戏,305280,477,91917.9
美食侦探,谢谢你，虚空妈咪,电子竞技,53887,962,16839.5
美食侦探,空灵嗓音直击灵魂深处，男女合唱英文版《海底》,翻唱,13895,459,4489.8
美食侦探,我知道，喜茶很想弄死我...,美食制作,104132,1188,32071.199999999997
美食侦探,学渣的自我修养！画地为牢什么的，常规操作而已,搞笑,165165,364,49804.3
美食侦探,Cardi B《浦巴罗》精彩片段,明星综合,20721,547,6599.2
美食侦探,【原神填词/海底】浮生终一刹，万般皆难舍,手机游戏,23866,505,7513.3
美食侦探,孤勇者小学生 但是特效拉满,鬼畜剧场,337827,3211,103595.79999999999
美食侦探,我只是多看了他一眼，他就拼命追我们，可能是疯了？,汪星人,212167,2935,65704.6
美食侦探,小诊所深藏中医圣手，他用吸血鬼造神奇，为病人好从不多开一副药,科学科普,54592,1045,17109.1
美食侦探,老外vs你的联系方式,搞笑,58616,816,18156.0
美食侦探,剧TOP：豆瓣9.1，现象级韩剧《D.P逃兵追缉令》（上）,影视杂谈,35567,1367,11627.0
美食侦探,“一百一别住酒店了，你上我家住别墅去吧。”出行奇遇，路遇“空城”,出行,13278,1844,5274.2
美食侦探,大家切记 东西咱能不买就不买 能白嫖就白嫖,日常,86296,1420,26882.8
美食侦探,后来的古言剧再无这般惊才绝艳的台词！这来自几百年前的女性呐喊至今振聋发聩,影视剪辑,27498,393,8524.5
美食侦探,求求你别卷了！这玩意在校门口卖10元真不贵…,美食制作,58679,538,17980.3
美食侦探,这玩意才是米饭杀手！！！,美食制作,21558,491,6811.099999999999
美食侦探,中国上海独有的超市？美食堪比世界级食堂！烤猪肘、烤鸡竟然是这味道？,美食测评,23195,431,7260.2
美食侦探,在毕业最后一天和被拒三年的学姐表白？,美妆护肤,65853,889,20378.199999999997
美食侦探,“一步之遥-金州勇士”,篮球,53916,272,16365.199999999999
美食侦探,【神超云顶之弈】T0冒险刀霞！顶级拼多多理解把把吃分， 学会三天上大师！【S7巨龙之境阵容教学】,电子竞技,24624,1540,8465.2
美食侦探,有一个表情管理的教导主任是什么体验,舞蹈综合,209120,1745,63957.5
美食侦探,破败之王超级分身：50个英雄！我一个人就是军队！(破败之王 佛耶戈BUG),电子竞技,11105,875,3944.0
美食侦探,李庄白肉  厨子探店¥199,美食侦探,81812,2064,25988.399999999998
美食侦探,这也行？我国科学家通过蚂蟥体内DNA分析保护区动物！,社会,49235,1040,15498.5
美食侦探,去孔子学院接侯哥放学，检查学习成果，新房子买电缆刚好1000万当地币,出行,21534,1053,7197.299999999999
美食侦探,食人巨鳄横行非洲40年，开枪打不死至今没抓着，现实比电影还离谱···,动物综合,11338,691,3885.1
美食侦探,80买3斤牛最便宜的肉，看着丑，做好香！比牛腱肉还好吃！,美食记录,14823,426,4745.099999999999
短片·手书·配音,【超实用】你的手机号绑定了多少app？30秒快速查询、解绑！,社会,147649,4142,47194.1
短片·手书·配音,读书不知归处，误入书画境中,绘画,380361,1034,114832.1
短片·手书·配音,【暴走大事件第九季】 05 考漂移、测智商、忽悠聊天？扒一扒各国驾考文化,综艺,23295,477,7322.4
短片·手书·配音,夜以继日，蛮横搏斗太刺激，这鱼我等它一年了！,运动综合,31569,2240,11038.699999999999
短片·手书·配音,《 轻 轻 敲 醒 沉 睡 的 心 灵 》,单机游戏,72509,370,22011.7
短片·手书·配音,一个午餐肉罐头能放十年还不坏，原理是什么？,科学科普,46941,957,14752.199999999999
短片·手书·配音,卧槽！原来刘亦菲当年说的都是真的！,粉丝创作,60805,2630,20082.5
短片·手书·配音,这个4年前最被期待的射击游戏终于要来了！【第三次世界大战】,网络游戏,294276,3446,90695.0
短片·手书·配音,你们根本不懂有女儿的快乐………,搞笑,31401,283,9618.4
短片·手书·配音,大庆赶海，发现一只大个猫眼螺藏在沙子里，肥肥的一捏全是水,田园美食,36821,462,11369.699999999999
短片·手书·配音,假如世界禁止嘤嘤怪,健身,21531,314,6679.1
短片·手书·配音,称霸亚洲走向世界？印度的大国梦是怎么破碎的,人文历史,12224,435,3971.7
短片·手书·配音,艾特喜欢汪汪的男孩子来看,汪星人,35004,859,11102.499999999998
短片·手书·配音,为什么男人的韭菜不好割了【沈帅波】,财经商业,18735,1048,6354.1
短片·手书·配音,在乡下生活也是一种享受,搞笑,39670,412,12189.4
短片·手书·配音,千 万 别 在 西 藏 上 厕 所 ！,出行,34923,908,11112.5
短片·手书·配音,编剧真的没有必要让男女主强行双洁！！！,影视杂谈,24466,3325,9667.3
短片·手书·配音,课 堂 请 勿 对 对 子【2022毕业篇】！！！,短片·手书·配音,298436,1774,90772.6
短片·手书·配音,金字塔尖的做法！肉香和豆豉香结合，下饭简直一绝~丨回锅肉,美食制作,18163,606,5873.099999999999
短片·手书·配音,原来蹭吃蹭喝这么幸福，就不知道以后有没有机会呀，哈哈哈,出行,58195,456,17777.7
短片·手书·配音,2022《伴你成长》毕业季大合唱来了！,MV,142981,1706,44088.49999999999
短片·手书·配音,在印度想家了怎么办？吃点家乡的美食！,美食侦探,148959,2340,46325.7
短片·手书·配音,如果僵尸拿起了铲子！,单机游戏,305280,477,91917.9
短片·手书·配音,谢谢你，虚空妈咪,电子竞技,53887,962,16839.5
短片·手书·配音,空灵嗓音直击灵魂深处，男女合唱英文版《海底》,翻唱,13895,459,4489.8
短片·手书·配音,我知道，喜茶很想弄死我...,美食制作,104132,1188,32071.199999999997
短片·手书·配音,学渣的自我修养！画地为牢什么的，常规操作而已,搞笑,165165,364,49804.3
短片·手书·配音,Cardi B《浦巴罗》精彩片段,明星综合,20721,547,6599.2
短片·手书·配音,【原神填词/海底】浮生终一刹，万般皆难舍,手机游戏,23866,505,7513.3
短片·手书·配音,孤勇者小学生 但是特效拉满,鬼畜剧场,337827,3211,103595.79999999999
短片·手书·配音,我只是多看了他一眼，他就拼命追我们，可能是疯了？,汪星人,212167,2935,65704.6
短片·手书·配音,小诊所深藏中医圣手，他用吸血鬼造神奇，为病人好从不多开一副药,科学科普,54592,1045,17109.1
短片·手书·配音,老外vs你的联系方式,搞笑,58616,816,18156.0
短片·手书·配音,剧TOP：豆瓣9.1，现象级韩剧《D.P逃兵追缉令》（上）,影视杂谈,35567,1367,11627.0
短片·手书·配音,“一百一别住酒店了，你上我家住别墅去吧。”出行奇遇，路遇“空城”,出行,13278,1844,5274.2
短片·手书·配音,大家切记 东西咱能不买就不买 能白嫖就白嫖,日常,86296,1420,26882.8
短片·手书·配音,后来的古言剧再无这般惊才绝艳的台词！这来自几百年前的女性呐喊至今振聋发聩,影视剪辑,27498,393,8524.5
短片·手书·配音,求求你别卷了！这玩意在校门口卖10元真不贵…,美食制作,58679,538,17980.3
短片·手书·配音,这玩意才是米饭杀手！！！,美食制作,21558,491,6811.099999999999
短片·手书·配音,中国上海独有的超市？美食堪比世界级食堂！烤猪肘、烤鸡竟然是这味道？,美食测评,23195,431,7260.2
短片·手书·配音,在毕业最后一天和被拒三年的学姐表白？,美妆护肤,65853,889,20378.199999999997
短片·手书·配音,“一步之遥-金州勇士”,篮球,53916,272,16365.199999999999
短片·手书·配音,【神超云顶之弈】T0冒险刀霞！顶级拼多多理解把把吃分， 学会三天上大师！【S7巨龙之境阵容教学】,电子竞技,24624,1540,8465.2
短片·手书·配音,有一个表情管理的教导主任是什么体验,舞蹈综合,209120,1745,63957.5
短片·手书·配音,破败之王超级分身：50个英雄！我一个人就是军队！(破败之王 佛耶戈BUG),电子竞技,11105,875,3944.0
短片·手书·配音,李庄白肉  厨子探店¥199,美食侦探,81812,2064,25988.399999999998
短片·手书·配音,这也行？我国科学家通过蚂蟥体内DNA分析保护区动物！,社会,49235,1040,15498.5
短片·手书·配音,去孔子学院接侯哥放学，检查学习成果，新房子买电缆刚好1000万当地币,出行,21534,1053,7197.299999999999
短片·手书·配音,食人巨鳄横行非洲40年，开枪打不死至今没抓着，现实比电影还离谱···,动物综合,11338,691,3885.1
短片·手书·配音,80买3斤牛最便宜的肉，看着丑，做好香！比牛腱肉还好吃！,美食记录,14823,426,4745.099999999999
健身,【超实用】你的手机号绑定了多少app？30秒快速查询、解绑！,社会,147649,4142,47194.1
健身,读书不知归处，误入书画境中,绘画,380361,1034,114832.1
健身,【暴走大事件第九季】 05 考漂移、测智商、忽悠聊天？扒一扒各国驾考文化,综艺,23295,477,7322.4
健身,夜以继日，蛮横搏斗太刺激，这鱼我等它一年了！,运动综合,31569,2240,11038.699999999999
健身,《 轻 轻 敲 醒 沉 睡 的 心 灵 》,单机游戏,72509,370,22011.7
健身,一个午餐肉罐头能放十年还不坏，原理是什么？,科学科普,46941,957,14752.199999999999
健身,卧槽！原来刘亦菲当年说的都是真的！,粉丝创作,60805,2630,20082.5
健身,这个4年前最被期待的射击游戏终于要来了！【第三次世界大战】,网络游戏,294276,3446,90695.0
健身,你们根本不懂有女儿的快乐………,搞笑,31401,283,9618.4
健身,大庆赶海，发现一只大个猫眼螺藏在沙子里，肥肥的一捏全是水,田园美食,36821,462,11369.699999999999
健身,假如世界禁止嘤嘤怪,健身,21531,314,6679.1
健身,称霸亚洲走向世界？印度的大国梦是怎么破碎的,人文历史,12224,435,3971.7
健身,艾特喜欢汪汪的男孩子来看,汪星人,35004,859,11102.499999999998
健身,为什么男人的韭菜不好割了【沈帅波】,财经商业,18735,1048,6354.1
健身,在乡下生活也是一种享受,搞笑,39670,412,12189.4
健身,千 万 别 在 西 藏 上 厕 所 ！,出行,34923,908,11112.5
健身,编剧真的没有必要让男女主强行双洁！！！,影视杂谈,24466,3325,9667.3
健身,课 堂 请 勿 对 对 子【2022毕业篇】！！！,短片·手书·配音,298436,1774,90772.6
健身,金字塔尖的做法！肉香和豆豉香结合，下饭简直一绝~丨回锅肉,美食制作,18163,606,5873.099999999999
健身,原来蹭吃蹭喝这么幸福，就不知道以后有没有机会呀，哈哈哈,出行,58195,456,17777.7
健身,2022《伴你成长》毕业季大合唱来了！,MV,142981,1706,44088.49999999999
健身,在印度想家了怎么办？吃点家乡的美食！,美食侦探,148959,2340,46325.7
健身,如果僵尸拿起了铲子！,单机游戏,305280,477,91917.9
健身,谢谢你，虚空妈咪,电子竞技,53887,962,16839.5
健身,空灵嗓音直击灵魂深处，男女合唱英文版《海底》,翻唱,13895,459,4489.8
健身,我知道，喜茶很想弄死我...,美食制作,104132,1188,32071.199999999997
健身,学渣的自我修养！画地为牢什么的，常规操作而已,搞笑,165165,364,49804.3
健身,Cardi B《浦巴罗》精彩片段,明星综合,20721,547,6599.2
健身,【原神填词/海底】浮生终一刹，万般皆难舍,手机游戏,23866,505,7513.3
健身,孤勇者小学生 但是特效拉满,鬼畜剧场,337827,3211,103595.79999999999
健身,我只是多看了他一眼，他就拼命追我们，可能是疯了？,汪星人,212167,2935,65704.6
健身,小诊所深藏中医圣手，他用吸血鬼造神奇，为病人好从不多开一副药,科学科普,54592,1045,17109.1
健身,老外vs你的联系方式,搞笑,58616,816,18156.0
健身,剧TOP：豆瓣9.1，现象级韩剧《D.P逃兵追缉令》（上）,影视杂谈,35567,1367,11627.0
健身,“一百一别住酒店了，你上我家住别墅去吧。”出行奇遇，路遇“空城”,出行,13278,1844,5274.2
健身,大家切记 东西咱能不买就不买 能白嫖就白嫖,日常,86296,1420,26882.8
健身,后来的古言剧再无这般惊才绝艳的台词！这来自几百年前的女性呐喊至今振聋发聩,影视剪辑,27498,393,8524.5
健身,求求你别卷了！这玩意在校门口卖10元真不贵…,美食制作,58679,538,17980.3
健身,这玩意才是米饭杀手！！！,美食制作,21558,491,6811.099999999999
健身,中国上海独有的超市？美食堪比世界级食堂！烤猪肘、烤鸡竟然是这味道？,美食测评,23195,431,7260.2
健身,在毕业最后一天和被拒三年的学姐表白？,美妆护肤,65853,889,20378.199999999997
健身,“一步之遥-金州勇士”,篮球,53916,272,16365.199999999999
健身,【神超云顶之弈】T0冒险刀霞！顶级拼多多理解把把吃分， 学会三天上大师！【S7巨龙之境阵容教学】,电子竞技,24624,1540,8465.2
健身,有一个表情管理的教导主任是什么体验,舞蹈综合,209120,1745,63957.5
健身,破败之王超级分身：50个英雄！我一个人就是军队！(破败之王 佛耶戈BUG),电子竞技,11105,875,3944.0
健身,李庄白肉  厨子探店¥199,美食侦探,81812,2064,25988.399999999998
健身,这也行？我国科学家通过蚂蟥体内DNA分析保护区动物！,社会,49235,1040,15498.5
健身,去孔子学院接侯哥放学，检查学习成果，新房子买电缆刚好1000万当地币,出行,21534,1053,7197.299999999999
健身,食人巨鳄横行非洲40年，开枪打不死至今没抓着，现实比电影还离谱···,动物综合,11338,691,3885.1
健身,80买3斤牛最便宜的肉，看着丑，做好香！比牛腱肉还好吃！,美食记录,14823,426,4745.099999999999
美食制作,【超实用】你的手机号绑定了多少app？30秒快速查询、解绑！,社会,147649,4142,47194.1
美食制作,读书不知归处，误入书画境中,绘画,380361,1034,114832.1
美食制作,【暴走大事件第九季】 05 考漂移、测智商、忽悠聊天？扒一扒各国驾考文化,综艺,23295,477,7322.4
美食制作,夜以继日，蛮横搏斗太刺激，这鱼我等它一年了！,运动综合,31569,2240,11038.699999999999
美食制作,《 轻 轻 敲 醒 沉 睡 的 心 灵 》,单机游戏,72509,370,22011.7
美食制作,一个午餐肉罐头能放十年还不坏，原理是什么？,科学科普,46941,957,14752.199999999999
美食制作,卧槽！原来刘亦菲当年说的都是真的！,粉丝创作,60805,2630,20082.5
美食制作,这个4年前最被期待的射击游戏终于要来了！【第三次世界大战】,网络游戏,294276,3446,90695.0
美食制作,你们根本不懂有女儿的快乐………,搞笑,31401,283,9618.4
美食制作,大庆赶海，发现一只大个猫眼螺藏在沙子里，肥肥的一捏全是水,田园美食,36821,462,11369.699999999999
美食制作,假如世界禁止嘤嘤怪,健身,21531,314,6679.1
美食制作,称霸亚洲走向世界？印度的大国梦是怎么破碎的,人文历史,12224,435,3971.7
美食制作,艾特喜欢汪汪的男孩子来看,汪星人,35004,859,11102.499999999998
美食制作,为什么男人的韭菜不好割了【沈帅波】,财经商业,18735,1048,6354.1
美食制作,在乡下生活也是一种享受,搞笑,39670,412,12189.4
美食制作,千 万 别 在 西 藏 上 厕 所 ！,出行,34923,908,11112.5
美食制作,编剧真的没有必要让男女主强行双洁！！！,影视杂谈,24466,3325,9667.3
美食制作,课 堂 请 勿 对 对 子【2022毕业篇】！！！,短片·手书·配音,298436,1774,90772.6
美食制作,金字塔尖的做法！肉香和豆豉香结合，下饭简直一绝~丨回锅肉,美食制作,18163,606,5873.099999999999
美食制作,原来蹭吃蹭喝这么幸福，就不知道以后有没有机会呀，哈哈哈,出行,58195,456,17777.7
美食制作,2022《伴你成长》毕业季大合唱来了！,MV,142981,1706,44088.49999999999
美食制作,在印度想家了怎么办？吃点家乡的美食！,美食侦探,148959,2340,46325.7
美食制作,如果僵尸拿起了铲子！,单机游戏,305280,477,91917.9
美食制作,谢谢你，虚空妈咪,电子竞技,53887,962,16839.5
美食制作,空灵嗓音直击灵魂深处，男女合唱英文版《海底》,翻唱,13895,459,4489.8
美食制作,我知道，喜茶很想弄死我...,美食制作,104132,1188,32071.199999999997
美食制作,学渣的自我修养！画地为牢什么的，常规操作而已,搞笑,165165,364,49804.3
美食制作,Cardi B《浦巴罗》精彩片段,明星综合,20721,547,6599.2
美食制作,【原神填词/海底】浮生终一刹，万般皆难舍,手机游戏,23866,505,7513.3
美食制作,孤勇者小学生 但是特效拉满,鬼畜剧场,337827,3211,103595.79999999999
美食制作,我只是多看了他一眼，他就拼命追我们，可能是疯了？,汪星人,212167,2935,65704.6
美食制作,小诊所深藏中医圣手，他用吸血鬼造神奇，为病人好从不多开一副药,科学科普,54592,1045,17109.1
美食制作,老外vs你的联系方式,搞笑,58616,816,18156.0
美食制作,剧TOP：豆瓣9.1，现象级韩剧《D.P逃兵追缉令》（上）,影视杂谈,35567,1367,11627.0
美食制作,“一百一别住酒店了，你上我家住别墅去吧。”出行奇遇，路遇“空城”,出行,13278,1844,5274.2
美食制作,大家切记 东西咱能不买就不买 能白嫖就白嫖,日常,86296,1420,26882.8
美食制作,后来的古言剧再无这般惊才绝艳的台词！这来自几百年前的女性呐喊至今振聋发聩,影视剪辑,27498,393,8524.5
美食制作,求求你别卷了！这玩意在校门口卖10元真不贵…,美食制作,58679,538,17980.3
美食制作,这玩意才是米饭杀手！！！,美食制作,21558,491,6811.099999999999
美食制作,中国上海独有的超市？美食堪比世界级食堂！烤猪肘、烤鸡竟然是这味道？,美食测评,23195,431,7260.2
美食制作,在毕业最后一天和被拒三年的学姐表白？,美妆护肤,65853,889,20378.199999999997
美食制作,“一步之遥-金州勇士”,篮球,53916,272,16365.199999999999
美食制作,【神超云顶之弈】T0冒险刀霞！顶级拼多多理解把把吃分， 学会三天上大师！【S7巨龙之境阵容教学】,电子竞技,24624,1540,8465.2
美食制作,有一个表情管理的教导主任是什么体验,舞蹈综合,209120,1745,63957.5
美食制作,破败之王超级分身：50个英雄！我一个人就是军队！(破败之王 佛耶戈BUG),电子竞技,11105,875,3944.0
美食制作,李庄白肉  厨子探店¥199,美食侦探,81812,2064,25988.399999999998
美食制作,这也行？我国科学家通过蚂蟥体内DNA分析保护区动物！,社会,49235,1040,15498.5
美食制作,去孔子学院接侯哥放学，检查学习成果，新房子买电缆刚好1000万当地币,出行,21534,1053,7197.299999999999
美食制作,食人巨鳄横行非洲40年，开枪打不死至今没抓着，现实比电影还离谱···,动物综合,11338,691,3885.1
美食制作,80买3斤牛最便宜的肉，看着丑，做好香！比牛腱肉还好吃！,美食记录,14823,426,4745.099999999999
手机游戏,【超实用】你的手机号绑定了多少app？30秒快速查询、解绑！,社会,147649,4142,47194.1
手机游戏,读书不知归处，误入书画境中,绘画,380361,1034,114832.1
手机游戏,【暴走大事件第九季】 05 考漂移、测智商、忽悠聊天？扒一扒各国驾考文化,综艺,23295,477,7322.4
手机游戏,夜以继日，蛮横搏斗太刺激，这鱼我等它一年了！,运动综合,31569,2240,11038.699999999999
手机游戏,《 轻 轻 敲 醒 沉 睡 的 心 灵 》,单机游戏,72509,370,22011.7
手机游戏,一个午餐肉罐头能放十年还不坏，原理是什么？,科学科普,46941,957,14752.199999999999
手机游戏,卧槽！原来刘亦菲当年说的都是真的！,粉丝创作,60805,2630,20082.5
手机游戏,这个4年前最被期待的射击游戏终于要来了！【第三次世界大战】,网络游戏,294276,3446,90695.0
手机游戏,你们根本不懂有女儿的快乐………,搞笑,31401,283,9618.4
手机游戏,大庆赶海，发现一只大个猫眼螺藏在沙子里，肥肥的一捏全是水,田园美食,36821,462,11369.699999999999
手机游戏,假如世界禁止嘤嘤怪,健身,21531,314,6679.1
手机游戏,称霸亚洲走向世界？印度的大国梦是怎么破碎的,人文历史,12224,435,3971.7
手机游戏,艾特喜欢汪汪的男孩子来看,汪星人,35004,859,11102.499999999998
手机游戏,为什么男人的韭菜不好割了【沈帅波】,财经商业,18735,1048,6354.1
手机游戏,在乡下生活也是一种享受,搞笑,39670,412,12189.4
手机游戏,千 万 别 在 西 藏 上 厕 所 ！,出行,34923,908,11112.5
手机游戏,编剧真的没有必要让男女主强行双洁！！！,影视杂谈,24466,3325,9667.3
手机游戏,课 堂 请 勿 对 对 子【2022毕业篇】！！！,短片·手书·配音,298436,1774,90772.6
手机游戏,金字塔尖的做法！肉香和豆豉香结合，下饭简直一绝~丨回锅肉,美食制作,18163,606,5873.099999999999
手机游戏,原来蹭吃蹭喝这么幸福，就不知道以后有没有机会呀，哈哈哈,出行,58195,456,17777.7
手机游戏,2022《伴你成长》毕业季大合唱来了！,MV,142981,1706,44088.49999999999
手机游戏,在印度想家了怎么办？吃点家乡的美食！,美食侦探,148959,2340,46325.7
手机游戏,如果僵尸拿起了铲子！,单机游戏,305280,477,91917.9
手机游戏,谢谢你，虚空妈咪,电子竞技,53887,962,16839.5
手机游戏,空灵嗓音直击灵魂深处，男女合唱英文版《海底》,翻唱,13895,459,4489.8
手机游戏,我知道，喜茶很想弄死我...,美食制作,104132,1188,32071.199999999997
手机游戏,学渣的自我修养！画地为牢什么的，常规操作而已,搞笑,165165,364,49804.3
手机游戏,Cardi B《浦巴罗》精彩片段,明星综合,20721,547,6599.2
手机游戏,【原神填词/海底】浮生终一刹，万般皆难舍,手机游戏,23866,505,7513.3
手机游戏,孤勇者小学生 但是特效拉满,鬼畜剧场,337827,3211,103595.79999999999
手机游戏,我只是多看了他一眼，他就拼命追我们，可能是疯了？,汪星人,212167,2935,65704.6
手机游戏,小诊所深藏中医圣手，他用吸血鬼造神奇，为病人好从不多开一副药,科学科普,54592,1045,17109.1
手机游戏,老外vs你的联系方式,搞笑,58616,816,18156.0
手机游戏,剧TOP：豆瓣9.1，现象级韩剧《D.P逃兵追缉令》（上）,影视杂谈,35567,1367,11627.0
手机游戏,“一百一别住酒店了，你上我家住别墅去吧。”出行奇遇，路遇“空城”,出行,13278,1844,5274.2
手机游戏,大家切记 东西咱能不买就不买 能白嫖就白嫖,日常,86296,1420,26882.8
手机游戏,后来的古言剧再无这般惊才绝艳的台词！这来自几百年前的女性呐喊至今振聋发聩,影视剪辑,27498,393,8524.5
手机游戏,求求你别卷了！这玩意在校门口卖10元真不贵…,美食制作,58679,538,17980.3
手机游戏,这玩意才是米饭杀手！！！,美食制作,21558,491,6811.099999999999
手机游戏,中国上海独有的超市？美食堪比世界级食堂！烤猪肘、烤鸡竟然是这味道？,美食测评,23195,431,7260.2
手机游戏,在毕业最后一天和被拒三年的学姐表白？,美妆护肤,65853,889,20378.199999999997
手机游戏,“一步之遥-金州勇士”,篮球,53916,272,16365.199999999999
手机游戏,【神超云顶之弈】T0冒险刀霞！顶级拼多多理解把把吃分， 学会三天上大师！【S7巨龙之境阵容教学】,电子竞技,24624,1540,8465.2
手机游戏,有一个表情管理的教导主任是什么体验,舞蹈综合,209120,1745,63957.5
手机游戏,破败之王超级分身：50个英雄！我一个人就是军队！(破败之王 佛耶戈BUG),电子竞技,11105,875,3944.0
手机游戏,李庄白肉  厨子探店¥199,美食侦探,81812,2064,25988.399999999998
手机游戏,这也行？我国科学家通过蚂蟥体内DNA分析保护区动物！,社会,49235,1040,15498.5
手机游戏,去孔子学院接侯哥放学，检查学习成果，新房子买电缆刚好1000万当地币,出行,21534,1053,7197.299999999999
手机游戏,食人巨鳄横行非洲40年，开枪打不死至今没抓着，现实比电影还离谱···,动物综合,11338,691,3885.1
手机游戏,80买3斤牛最便宜的肉，看着丑，做好香！比牛腱肉还好吃！,美食记录,14823,426,4745.099999999999
鬼畜剧场,【超实用】你的手机号绑定了多少app？30秒快速查询、解绑！,社会,147649,4142,47194.1
鬼畜剧场,读书不知归处，误入书画境中,绘画,380361,1034,114832.1
鬼畜剧场,【暴走大事件第九季】 05 考漂移、测智商、忽悠聊天？扒一扒各国驾考文化,综艺,23295,477,7322.4
鬼畜剧场,夜以继日，蛮横搏斗太刺激，这鱼我等它一年了！,运动综合,31569,2240,11038.699999999999
鬼畜剧场,《 轻 轻 敲 醒 沉 睡 的 心 灵 》,单机游戏,72509,370,22011.7
鬼畜剧场,一个午餐肉罐头能放十年还不坏，原理是什么？,科学科普,46941,957,14752.199999999999
鬼畜剧场,卧槽！原来刘亦菲当年说的都是真的！,粉丝创作,60805,2630,20082.5
鬼畜剧场,这个4年前最被期待的射击游戏终于要来了！【第三次世界大战】,网络游戏,294276,3446,90695.0
鬼畜剧场,你们根本不懂有女儿的快乐………,搞笑,31401,283,9618.4
鬼畜剧场,大庆赶海，发现一只大个猫眼螺藏在沙子里，肥肥的一捏全是水,田园美食,36821,462,11369.699999999999
鬼畜剧场,假如世界禁止嘤嘤怪,健身,21531,314,6679.1
鬼畜剧场,称霸亚洲走向世界？印度的大国梦是怎么破碎的,人文历史,12224,435,3971.7
鬼畜剧场,艾特喜欢汪汪的男孩子来看,汪星人,35004,859,11102.499999999998
鬼畜剧场,为什么男人的韭菜不好割了【沈帅波】,财经商业,18735,1048,6354.1
鬼畜剧场,在乡下生活也是一种享受,搞笑,39670,412,12189.4
鬼畜剧场,千 万 别 在 西 藏 上 厕 所 ！,出行,34923,908,11112.5
鬼畜剧场,编剧真的没有必要让男女主强行双洁！！！,影视杂谈,24466,3325,9667.3
鬼畜剧场,课 堂 请 勿 对 对 子【2022毕业篇】！！！,短片·手书·配音,298436,1774,90772.6
鬼畜剧场,金字塔尖的做法！肉香和豆豉香结合，下饭简直一绝~丨回锅肉,美食制作,18163,606,5873.099999999999
鬼畜剧场,原来蹭吃蹭喝这么幸福，就不知道以后有没有机会呀，哈哈哈,出行,58195,456,17777.7
鬼畜剧场,2022《伴你成长》毕业季大合唱来了！,MV,142981,1706,44088.49999999999
鬼畜剧场,在印度想家了怎么办？吃点家乡的美食！,美食侦探,148959,2340,46325.7
鬼畜剧场,如果僵尸拿起了铲子！,单机游戏,305280,477,91917.9
鬼畜剧场,谢谢你，虚空妈咪,电子竞技,53887,962,16839.5
鬼畜剧场,空灵嗓音直击灵魂深处，男女合唱英文版《海底》,翻唱,13895,459,4489.8
鬼畜剧场,我知道，喜茶很想弄死我...,美食制作,104132,1188,32071.199999999997
鬼畜剧场,学渣的自我修养！画地为牢什么的，常规操作而已,搞笑,165165,364,49804.3
鬼畜剧场,Cardi B《浦巴罗》精彩片段,明星综合,20721,547,6599.2
鬼畜剧场,【原神填词/海底】浮生终一刹，万般皆难舍,手机游戏,23866,505,7513.3
鬼畜剧场,孤勇者小学生 但是特效拉满,鬼畜剧场,337827,3211,103595.79999999999
鬼畜剧场,我只是多看了他一眼，他就拼命追我们，可能是疯了？,汪星人,212167,2935,65704.6
鬼畜剧场,小诊所深藏中医圣手，他用吸血鬼造神奇，为病人好从不多开一副药,科学科普,54592,1045,17109.1
鬼畜剧场,老外vs你的联系方式,搞笑,58616,816,18156.0
鬼畜剧场,剧TOP：豆瓣9.1，现象级韩剧《D.P逃兵追缉令》（上）,影视杂谈,35567,1367,11627.0
鬼畜剧场,“一百一别住酒店了，你上我家住别墅去吧。”出行奇遇，路遇“空城”,出行,13278,1844,5274.2
鬼畜剧场,大家切记 东西咱能不买就不买 能白嫖就白嫖,日常,86296,1420,26882.8
鬼畜剧场,后来的古言剧再无这般惊才绝艳的台词！这来自几百年前的女性呐喊至今振聋发聩,影视剪辑,27498,393,8524.5
鬼畜剧场,求求你别卷了！这玩意在校门口卖10元真不贵…,美食制作,58679,538,17980.3
鬼畜剧场,这玩意才是米饭杀手！！！,美食制作,21558,491,6811.099999999999
鬼畜剧场,中国上海独有的超市？美食堪比世界级食堂！烤猪肘、烤鸡竟然是这味道？,美食测评,23195,431,7260.2
鬼畜剧场,在毕业最后一天和被拒三年的学姐表白？,美妆护肤,65853,889,20378.199999999997
鬼畜剧场,“一步之遥-金州勇士”,篮球,53916,272,16365.199999999999
鬼畜剧场,【神超云顶之弈】T0冒险刀霞！顶级拼多多理解把把吃分， 学会三天上大师！【S7巨龙之境阵容教学】,电子竞技,24624,1540,8465.2
鬼畜剧场,有一个表情管理的教导主任是什么体验,舞蹈综合,209120,1745,63957.5
鬼畜剧场,破败之王超级分身：50个英雄！我一个人就是军队！(破败之王 佛耶戈BUG),电子竞技,11105,875,3944.0
鬼畜剧场,李庄白肉  厨子探店¥199,美食侦探,81812,2064,25988.399999999998
鬼畜剧场,这也行？我国科学家通过蚂蟥体内DNA分析保护区动物！,社会,49235,1040,15498.5
鬼畜剧场,去孔子学院接侯哥放学，检查学习成果，新房子买电缆刚好1000万当地币,出行,21534,1053,7197.299999999999
鬼畜剧场,食人巨鳄横行非洲40年，开枪打不死至今没抓着，现实比电影还离谱···,动物综合,11338,691,3885.1
鬼畜剧场,80买3斤牛最便宜的肉，看着丑，做好香！比牛腱肉还好吃！,美食记录,14823,426,4745.099999999999
美食记录,【超实用】你的手机号绑定了多少app？30秒快速查询、解绑！,社会,147649,4142,47194.1
美食记录,读书不知归处，误入书画境中,绘画,380361,1034,114832.1
美食记录,【暴走大事件第九季】 05 考漂移、测智商、忽悠聊天？扒一扒各国驾考文化,综艺,23295,477,7322.4
美食记录,夜以继日，蛮横搏斗太刺激，这鱼我等它一年了！,运动综合,31569,2240,11038.699999999999
美食记录,《 轻 轻 敲 醒 沉 睡 的 心 灵 》,单机游戏,72509,370,22011.7
美食记录,一个午餐肉罐头能放十年还不坏，原理是什么？,科学科普,46941,957,14752.199999999999
美食记录,卧槽！原来刘亦菲当年说的都是真的！,粉丝创作,60805,2630,20082.5
美食记录,这个4年前最被期待的射击游戏终于要来了！【第三次世界大战】,网络游戏,294276,3446,90695.0
美食记录,你们根本不懂有女儿的快乐………,搞笑,31401,283,9618.4
美食记录,大庆赶海，发现一只大个猫眼螺藏在沙子里，肥肥的一捏全是水,田园美食,36821,462,11369.699999999999
美食记录,假如世界禁止嘤嘤怪,健身,21531,314,6679.1
美食记录,称霸亚洲走向世界？印度的大国梦是怎么破碎的,人文历史,12224,435,3971.7
美食记录,艾特喜欢汪汪的男孩子来看,汪星人,35004,859,11102.499999999998
美食记录,为什么男人的韭菜不好割了【沈帅波】,财经商业,18735,1048,6354.1
美食记录,在乡下生活也是一种享受,搞笑,39670,412,12189.4
美食记录,千 万 别 在 西 藏 上 厕 所 ！,出行,34923,908,11112.5
美食记录,编剧真的没有必要让男女主强行双洁！！！,影视杂谈,24466,3325,9667.3
美食记录,课 堂 请 勿 对 对 子【2022毕业篇】！！！,短片·手书·配音,298436,1774,90772.6
美食记录,金字塔尖的做法！肉香和豆豉香结合，下饭简直一绝~丨回锅肉,美食制作,18163,606,5873.099999999999
美食记录,原来蹭吃蹭喝这么幸福，就不知道以后有没有机会呀，哈哈哈,出行,58195,456,17777.7
美食记录,2022《伴你成长》毕业季大合唱来了！,MV,142981,1706,44088.49999999999
美食记录,在印度想家了怎么办？吃点家乡的美食！,美食侦探,148959,2340,46325.7
美食记录,如果僵尸拿起了铲子！,单机游戏,305280,477,91917.9
美食记录,谢谢你，虚空妈咪,电子竞技,53887,962,16839.5
美食记录,空灵嗓音直击灵魂深处，男女合唱英文版《海底》,翻唱,13895,459,4489.8
美食记录,我知道，喜茶很想弄死我...,美食制作,104132,1188,32071.199999999997
美食记录,学渣的自我修养！画地为牢什么的，常规操作而已,搞笑,165165,364,49804.3
美食记录,Cardi B《浦巴罗》精彩片段,明星综合,20721,547,6599.2
美食记录,【原神填词/海底】浮生终一刹，万般皆难舍,手机游戏,23866,505,7513.3
美食记录,孤勇者小学生 但是特效拉满,鬼畜剧场,337827,3211,103595.79999999999
美食记录,我只是多看了他一眼，他就拼命追我们，可能是疯了？,汪星人,212167,2935,65704.6
美食记录,小诊所深藏中医圣手，他用吸血鬼造神奇，为病人好从不多开一副药,科学科普,54592,1045,17109.1
美食记录,老外vs你的联系方式,搞笑,58616,816,18156.0
美食记录,剧TOP：豆瓣9.1，现象级韩剧《D.P逃兵追缉令》（上）,影视杂谈,35567,1367,11627.0
美食记录,“一百一别住酒店了，你上我家住别墅去吧。”出行奇遇，路遇“空城”,出行,13278,1844,5274.2
美食记录,大家切记 东西咱能不买就不买 能白嫖就白嫖,日常,86296,1420,26882.8
美食记录,后来的古言剧再无这般惊才绝艳的台词！这来自几百年前的女性呐喊至今振聋发聩,影视剪辑,27498,393,8524.5
美食记录,求求你别卷了！这玩意在校门口卖10元真不贵…,美食制作,58679,538,17980.3
美食记录,这玩意才是米饭杀手！！！,美食制作,21558,491,6811.099999999999
美食记录,中国上海独有的超市？美食堪比世界级食堂！烤猪肘、烤鸡竟然是这味道？,美食测评,23195,431,7260.2
美食记录,在毕业最后一天和被拒三年的学姐表白？,美妆护肤,65853,889,20378.199999999997
美食记录,“一步之遥-金州勇士”,篮球,53916,272,16365.199999999999
美食记录,【神超云顶之弈】T0冒险刀霞！顶级拼多多理解把把吃分， 学会三天上大师！【S7巨龙之境阵容教学】,电子竞技,24624,1540,8465.2
美食记录,有一个表情管理的教导主任是什么体验,舞蹈综合,209120,1745,63957.5
美食记录,破败之王超级分身：50个英雄！我一个人就是军队！(破败之王 佛耶戈BUG),电子竞技,11105,875,3944.0
美食记录,李庄白肉  厨子探店¥199,美食侦探,81812,2064,25988.399999999998
美食记录,这也行？我国科学家通过蚂蟥体内DNA分析保护区动物！,社会,49235,1040,15498.5
美食记录,去孔子学院接侯哥放学，检查学习成果，新房子买电缆刚好1000万当地币,出行,21534,1053,7197.299999999999
美食记录,食人巨鳄横行非洲40年，开枪打不死至今没抓着，现实比电影还离谱···,动物综合,11338,691,3885.1
美食记录,80买3斤牛最便宜的肉，看着丑，做好香！比牛腱肉还好吃！,美食记录,14823,426,4745.099999999999
MV,【超实用】你的手机号绑定了多少app？30秒快速查询、解绑！,社会,147649,4142,47194.1
MV,读书不知归处，误入书画境中,绘画,380361,1034,114832.1
MV,【暴走大事件第九季】 05 考漂移、测智商、忽悠聊天？扒一扒各国驾考文化,综艺,23295,477,7322.4
MV,夜以继日，蛮横搏斗太刺激，这鱼我等它一年了！,运动综合,31569,2240,11038.699999999999
MV,《 轻 轻 敲 醒 沉 睡 的 心 灵 》,单机游戏,72509,370,22011.7
MV,一个午餐肉罐头能放十年还不坏，原理是什么？,科学科普,46941,957,14752.199999999999
MV,卧槽！原来刘亦菲当年说的都是真的！,粉丝创作,60805,2630,20082.5
MV,这个4年前最被期待的射击游戏终于要来了！【第三次世界大战】,网络游戏,294276,3446,90695.0
MV,你们根本不懂有女儿的快乐………,搞笑,31401,283,9618.4
MV,大庆赶海，发现一只大个猫眼螺藏在沙子里，肥肥的一捏全是水,田园美食,36821,462,11369.699999999999
MV,假如世界禁止嘤嘤怪,健身,21531,314,6679.1
MV,称霸亚洲走向世界？印度的大国梦是怎么破碎的,人文历史,12224,435,3971.7
MV,艾特喜欢汪汪的男孩子来看,汪星人,35004,859,11102.499999999998
MV,为什么男人的韭菜不好割了【沈帅波】,财经商业,18735,1048,6354.1
MV,在乡下生活也是一种享受,搞笑,39670,412,12189.4
MV,千 万 别 在 西 藏 上 厕 所 ！,出行,34923,908,11112.5
MV,编剧真的没有必要让男女主强行双洁！！！,影视杂谈,24466,3325,9667.3
MV,课 堂 请 勿 对 对 子【2022毕业篇】！！！,短片·手书·配音,298436,1774,90772.6
MV,金字塔尖的做法！肉香和豆豉香结合，下饭简直一绝~丨回锅肉,美食制作,18163,606,5873.099999999999
MV,原来蹭吃蹭喝这么幸福，就不知道以后有没有机会呀，哈哈哈,出行,58195,456,17777.7
MV,2022《伴你成长》毕业季大合唱来了！,MV,142981,1706,44088.49999999999
MV,在印度想家了怎么办？吃点家乡的美食！,美食侦探,148959,2340,46325.7
MV,如果僵尸拿起了铲子！,单机游戏,305280,477,91917.9
MV,谢谢你，虚空妈咪,电子竞技,53887,962,16839.5
MV,空灵嗓音直击灵魂深处，男女合唱英文版《海底》,翻唱,13895,459,4489.8
MV,我知道，喜茶很想弄死我...,美食制作,104132,1188,32071.199999999997
MV,学渣的自我修养！画地为牢什么的，常规操作而已,搞笑,165165,364,49804.3
MV,Cardi B《浦巴罗》精彩片段,明星综合,20721,547,6599.2
MV,【原神填词/海底】浮生终一刹，万般皆难舍,手机游戏,23866,505,7513.3
MV,孤勇者小学生 但是特效拉满,鬼畜剧场,337827,3211,103595.79999999999
MV,我只是多看了他一眼，他就拼命追我们，可能是疯了？,汪星人,212167,2935,65704.6
MV,小诊所深藏中医圣手，他用吸血鬼造神奇，为病人好从不多开一副药,科学科普,54592,1045,17109.1
MV,老外vs你的联系方式,搞笑,58616,816,18156.0
MV,剧TOP：豆瓣9.1，现象级韩剧《D.P逃兵追缉令》（上）,影视杂谈,35567,1367,11627.0
MV,“一百一别住酒店了，你上我家住别墅去吧。”出行奇遇，路遇“空城”,出行,13278,1844,5274.2
MV,大家切记 东西咱能不买就不买 能白嫖就白嫖,日常,86296,1420,26882.8
MV,后来的古言剧再无这般惊才绝艳的台词！这来自几百年前的女性呐喊至今振聋发聩,影视剪辑,27498,393,8524.5
MV,求求你别卷了！这玩意在校门口卖10元真不贵…,美食制作,58679,538,17980.3
MV,这玩意才是米饭杀手！！！,美食制作,21558,491,6811.099999999999
MV,中国上海独有的超市？美食堪比世界级食堂！烤猪肘、烤鸡竟然是这味道？,美食测评,23195,431,7260.2
MV,在毕业最后一天和被拒三年的学姐表白？,美妆护肤,65853,889,20378.199999999997
MV,“一步之遥-金州勇士”,篮球,53916,272,16365.199999999999
MV,【神超云顶之弈】T0冒险刀霞！顶级拼多多理解把把吃分， 学会三天上大师！【S7巨龙之境阵容教学】,电子竞技,24624,1540,8465.2
MV,有一个表情管理的教导主任是什么体验,舞蹈综合,209120,1745,63957.5
MV,破败之王超级分身：50个英雄！我一个人就是军队！(破败之王 佛耶戈BUG),电子竞技,11105,875,3944.0
MV,李庄白肉  厨子探店¥199,美食侦探,81812,2064,25988.399999999998
MV,这也行？我国科学家通过蚂蟥体内DNA分析保护区动物！,社会,49235,1040,15498.5
MV,去孔子学院接侯哥放学，检查学习成果，新房子买电缆刚好1000万当地币,出行,21534,1053,7197.299999999999
MV,食人巨鳄横行非洲40年，开枪打不死至今没抓着，现实比电影还离谱···,动物综合,11338,691,3885.1
MV,80买3斤牛最便宜的肉，看着丑，做好香！比牛腱肉还好吃！,美食记录,14823,426,4745.099999999999
运动综合,【超实用】你的手机号绑定了多少app？30秒快速查询、解绑！,社会,147649,4142,47194.1
运动综合,读书不知归处，误入书画境中,绘画,380361,1034,114832.1
运动综合,【暴走大事件第九季】 05 考漂移、测智商、忽悠聊天？扒一扒各国驾考文化,综艺,23295,477,7322.4
运动综合,夜以继日，蛮横搏斗太刺激，这鱼我等它一年了！,运动综合,31569,2240,11038.699999999999
运动综合,《 轻 轻 敲 醒 沉 睡 的 心 灵 》,单机游戏,72509,370,22011.7
运动综合,一个午餐肉罐头能放十年还不坏，原理是什么？,科学科普,46941,957,14752.199999999999
运动综合,卧槽！原来刘亦菲当年说的都是真的！,粉丝创作,60805,2630,20082.5
运动综合,这个4年前最被期待的射击游戏终于要来了！【第三次世界大战】,网络游戏,294276,3446,90695.0
运动综合,你们根本不懂有女儿的快乐………,搞笑,31401,283,9618.4
运动综合,大庆赶海，发现一只大个猫眼螺藏在沙子里，肥肥的一捏全是水,田园美食,36821,462,11369.699999999999
运动综合,假如世界禁止嘤嘤怪,健身,21531,314,6679.1
运动综合,称霸亚洲走向世界？印度的大国梦是怎么破碎的,人文历史,12224,435,3971.7
运动综合,艾特喜欢汪汪的男孩子来看,汪星人,35004,859,11102.499999999998
运动综合,为什么男人的韭菜不好割了【沈帅波】,财经商业,18735,1048,6354.1
运动综合,在乡下生活也是一种享受,搞笑,39670,412,12189.4
运动综合,千 万 别 在 西 藏 上 厕 所 ！,出行,34923,908,11112.5
运动综合,编剧真的没有必要让男女主强行双洁！！！,影视杂谈,24466,3325,9667.3
运动综合,课 堂 请 勿 对 对 子【2022毕业篇】！！！,短片·手书·配音,298436,1774,90772.6
运动综合,金字塔尖的做法！肉香和豆豉香结合，下饭简直一绝~丨回锅肉,美食制作,18163,606,5873.099999999999
运动综合,原来蹭吃蹭喝这么幸福，就不知道以后有没有机会呀，哈哈哈,出行,58195,456,17777.7
运动综合,2022《伴你成长》毕业季大合唱来了！,MV,142981,1706,44088.49999999999
运动综合,在印度想家了怎么办？吃点家乡的美食！,美食侦探,148959,2340,46325.7
运动综合,如果僵尸拿起了铲子！,单机游戏,305280,477,91917.9
运动综合,谢谢你，虚空妈咪,电子竞技,53887,962,16839.5
运动综合,空灵嗓音直击灵魂深处，男女合唱英文版《海底》,翻唱,13895,459,4489.8
运动综合,我知道，喜茶很想弄死我...,美食制作,104132,1188,32071.199999999997
运动综合,学渣的自我修养！画地为牢什么的，常规操作而已,搞笑,165165,364,49804.3
运动综合,Cardi B《浦巴罗》精彩片段,明星综合,20721,547,6599.2
运动综合,【原神填词/海底】浮生终一刹，万般皆难舍,手机游戏,23866,505,7513.3
运动综合,孤勇者小学生 但是特效拉满,鬼畜剧场,337827,3211,103595.79999999999
运动综合,我只是多看了他一眼，他就拼命追我们，可能是疯了？,汪星人,212167,2935,65704.6
运动综合,小诊所深藏中医圣手，他用吸血鬼造神奇，为病人好从不多开一副药,科学科普,54592,1045,17109.1
运动综合,老外vs你的联系方式,搞笑,58616,816,18156.0
运动综合,剧TOP：豆瓣9.1，现象级韩剧《D.P逃兵追缉令》（上）,影视杂谈,35567,1367,11627.0
运动综合,“一百一别住酒店了，你上我家住别墅去吧。”出行奇遇，路遇“空城”,出行,13278,1844,5274.2
运动综合,大家切记 东西咱能不买就不买 能白嫖就白嫖,日常,86296,1420,26882.8
运动综合,后来的古言剧再无这般惊才绝艳的台词！这来自几百年前的女性呐喊至今振聋发聩,影视剪辑,27498,393,8524.5
运动综合,求求你别卷了！这玩意在校门口卖10元真不贵…,美食制作,58679,538,17980.3
运动综合,这玩意才是米饭杀手！！！,美食制作,21558,491,6811.099999999999
运动综合,中国上海独有的超市？美食堪比世界级食堂！烤猪肘、烤鸡竟然是这味道？,美食测评,23195,431,7260.2
运动综合,在毕业最后一天和被拒三年的学姐表白？,美妆护肤,65853,889,20378.199999999997
运动综合,“一步之遥-金州勇士”,篮球,53916,272,16365.199999999999
运动综合,【神超云顶之弈】T0冒险刀霞！顶级拼多多理解把把吃分， 学会三天上大师！【S7巨龙之境阵容教学】,电子竞技,24624,1540,8465.2
运动综合,有一个表情管理的教导主任是什么体验,舞蹈综合,209120,1745,63957.5
运动综合,破败之王超级分身：50个英雄！我一个人就是军队！(破败之王 佛耶戈BUG),电子竞技,11105,875,3944.0
运动综合,李庄白肉  厨子探店¥199,美食侦探,81812,2064,25988.399999999998
运动综合,这也行？我国科学家通过蚂蟥体内DNA分析保护区动物！,社会,49235,1040,15498.5
运动综合,去孔子学院接侯哥放学，检查学习成果，新房子买电缆刚好1000万当地币,出行,21534,1053,7197.299999999999
运动综合,食人巨鳄横行非洲40年，开枪打不死至今没抓着，现实比电影还离谱···,动物综合,11338,691,3885.1
运动综合,80买3斤牛最便宜的肉，看着丑，做好香！比牛腱肉还好吃！,美食记录,14823,426,4745.099999999999
粉丝创作,【超实用】你的手机号绑定了多少app？30秒快速查询、解绑！,社会,147649,4142,47194.1
粉丝创作,读书不知归处，误入书画境中,绘画,380361,1034,114832.1
粉丝创作,【暴走大事件第九季】 05 考漂移、测智商、忽悠聊天？扒一扒各国驾考文化,综艺,23295,477,7322.4
粉丝创作,夜以继日，蛮横搏斗太刺激，这鱼我等它一年了！,运动综合,31569,2240,11038.699999999999
粉丝创作,《 轻 轻 敲 醒 沉 睡 的 心 灵 》,单机游戏,72509,370,22011.7
粉丝创作,一个午餐肉罐头能放十年还不坏，原理是什么？,科学科普,46941,957,14752.199999999999
粉丝创作,卧槽！原来刘亦菲当年说的都是真的！,粉丝创作,60805,2630,20082.5
粉丝创作,这个4年前最被期待的射击游戏终于要来了！【第三次世界大战】,网络游戏,294276,3446,90695.0
粉丝创作,你们根本不懂有女儿的快乐………,搞笑,31401,283,9618.4
粉丝创作,大庆赶海，发现一只大个猫眼螺藏在沙子里，肥肥的一捏全是水,田园美食,36821,462,11369.699999999999
粉丝创作,假如世界禁止嘤嘤怪,健身,21531,314,6679.1
粉丝创作,称霸亚洲走向世界？印度的大国梦是怎么破碎的,人文历史,12224,435,3971.7
粉丝创作,艾特喜欢汪汪的男孩子来看,汪星人,35004,859,11102.499999999998
粉丝创作,为什么男人的韭菜不好割了【沈帅波】,财经商业,18735,1048,6354.1
粉丝创作,在乡下生活也是一种享受,搞笑,39670,412,12189.4
粉丝创作,千 万 别 在 西 藏 上 厕 所 ！,出行,34923,908,11112.5
粉丝创作,编剧真的没有必要让男女主强行双洁！！！,影视杂谈,24466,3325,9667.3
粉丝创作,课 堂 请 勿 对 对 子【2022毕业篇】！！！,短片·手书·配音,298436,1774,90772.6
粉丝创作,金字塔尖的做法！肉香和豆豉香结合，下饭简直一绝~丨回锅肉,美食制作,18163,606,5873.099999999999
粉丝创作,原来蹭吃蹭喝这么幸福，就不知道以后有没有机会呀，哈哈哈,出行,58195,456,17777.7
粉丝创作,2022《伴你成长》毕业季大合唱来了！,MV,142981,1706,44088.49999999999
粉丝创作,在印度想家了怎么办？吃点家乡的美食！,美食侦探,148959,2340,46325.7
粉丝创作,如果僵尸拿起了铲子！,单机游戏,305280,477,91917.9
粉丝创作,谢谢你，虚空妈咪,电子竞技,53887,962,16839.5
粉丝创作,空灵嗓音直击灵魂深处，男女合唱英文版《海底》,翻唱,13895,459,4489.8
粉丝创作,我知道，喜茶很想弄死我...,美食制作,104132,1188,32071.199999999997
粉丝创作,学渣的自我修养！画地为牢什么的，常规操作而已,搞笑,165165,364,49804.3
粉丝创作,Cardi B《浦巴罗》精彩片段,明星综合,20721,547,6599.2
粉丝创作,【原神填词/海底】浮生终一刹，万般皆难舍,手机游戏,23866,505,7513.3
粉丝创作,孤勇者小学生 但是特效拉满,鬼畜剧场,337827,3211,103595.79999999999
粉丝创作,我只是多看了他一眼，他就拼命追我们，可能是疯了？,汪星人,212167,2935,65704.6
粉丝创作,小诊所深藏中医圣手，他用吸血鬼造神奇，为病人好从不多开一副药,科学科普,54592,1045,17109.1
粉丝创作,老外vs你的联系方式,搞笑,58616,816,18156.0
粉丝创作,剧TOP：豆瓣9.1，现象级韩剧《D.P逃兵追缉令》（上）,影视杂谈,35567,1367,11627.0
粉丝创作,“一百一别住酒店了，你上我家住别墅去吧。”出行奇遇，路遇“空城”,出行,13278,1844,5274.2
粉丝创作,大家切记 东西咱能不买就不买 能白嫖就白嫖,日常,86296,1420,26882.8
粉丝创作,后来的古言剧再无这般惊才绝艳的台词！这来自几百年前的女性呐喊至今振聋发聩,影视剪辑,27498,393,8524.5
粉丝创作,求求你别卷了！这玩意在校门口卖10元真不贵…,美食制作,58679,538,17980.3
粉丝创作,这玩意才是米饭杀手！！！,美食制作,21558,491,6811.099999999999
粉丝创作,中国上海独有的超市？美食堪比世界级食堂！烤猪肘、烤鸡竟然是这味道？,美食测评,23195,431,7260.2
粉丝创作,在毕业最后一天和被拒三年的学姐表白？,美妆护肤,65853,889,20378.199999999997
粉丝创作,“一步之遥-金州勇士”,篮球,53916,272,16365.199999999999
粉丝创作,【神超云顶之弈】T0冒险刀霞！顶级拼多多理解把把吃分， 学会三天上大师！【S7巨龙之境阵容教学】,电子竞技,24624,1540,8465.2
粉丝创作,有一个表情管理的教导主任是什么体验,舞蹈综合,209120,1745,63957.5
粉丝创作,破败之王超级分身：50个英雄！我一个人就是军队！(破败之王 佛耶戈BUG),电子竞技,11105,875,3944.0
粉丝创作,李庄白肉  厨子探店¥199,美食侦探,81812,2064,25988.399999999998
粉丝创作,这也行？我国科学家通过蚂蟥体内DNA分析保护区动物！,社会,49235,1040,15498.5
粉丝创作,去孔子学院接侯哥放学，检查学习成果，新房子买电缆刚好1000万当地币,出行,21534,1053,7197.299999999999
粉丝创作,食人巨鳄横行非洲40年，开枪打不死至今没抓着，现实比电影还离谱···,动物综合,11338,691,3885.1
粉丝创作,80买3斤牛最便宜的肉，看着丑，做好香！比牛腱肉还好吃！,美食记录,14823,426,4745.099999999999
社会,【超实用】你的手机号绑定了多少app？30秒快速查询、解绑！,社会,147649,4142,47194.1
社会,读书不知归处，误入书画境中,绘画,380361,1034,114832.1
社会,【暴走大事件第九季】 05 考漂移、测智商、忽悠聊天？扒一扒各国驾考文化,综艺,23295,477,7322.4
社会,夜以继日，蛮横搏斗太刺激，这鱼我等它一年了！,运动综合,31569,2240,11038.699999999999
社会,《 轻 轻 敲 醒 沉 睡 的 心 灵 》,单机游戏,72509,370,22011.7
社会,一个午餐肉罐头能放十年还不坏，原理是什么？,科学科普,46941,957,14752.199999999999
社会,卧槽！原来刘亦菲当年说的都是真的！,粉丝创作,60805,2630,20082.5
社会,这个4年前最被期待的射击游戏终于要来了！【第三次世界大战】,网络游戏,294276,3446,90695.0
社会,你们根本不懂有女儿的快乐………,搞笑,31401,283,9618.4
社会,大庆赶海，发现一只大个猫眼螺藏在沙子里，肥肥的一捏全是水,田园美食,36821,462,11369.699999999999
社会,假如世界禁止嘤嘤怪,健身,21531,314,6679.1
社会,称霸亚洲走向世界？印度的大国梦是怎么破碎的,人文历史,12224,435,3971.7
社会,艾特喜欢汪汪的男孩子来看,汪星人,35004,859,11102.499999999998
社会,为什么男人的韭菜不好割了【沈帅波】,财经商业,18735,1048,6354.1
社会,在乡下生活也是一种享受,搞笑,39670,412,12189.4
社会,千 万 别 在 西 藏 上 厕 所 ！,出行,34923,908,11112.5
社会,编剧真的没有必要让男女主强行双洁！！！,影视杂谈,24466,3325,9667.3
社会,课 堂 请 勿 对 对 子【2022毕业篇】！！！,短片·手书·配音,298436,1774,90772.6
社会,金字塔尖的做法！肉香和豆豉香结合，下饭简直一绝~丨回锅肉,美食制作,18163,606,5873.099999999999
社会,原来蹭吃蹭喝这么幸福，就不知道以后有没有机会呀，哈哈哈,出行,58195,456,17777.7
社会,2022《伴你成长》毕业季大合唱来了！,MV,142981,1706,44088.49999999999
社会,在印度想家了怎么办？吃点家乡的美食！,美食侦探,148959,2340,46325.7
社会,如果僵尸拿起了铲子！,单机游戏,305280,477,91917.9
社会,谢谢你，虚空妈咪,电子竞技,53887,962,16839.5
社会,空灵嗓音直击灵魂深处，男女合唱英文版《海底》,翻唱,13895,459,4489.8
社会,我知道，喜茶很想弄死我...,美食制作,104132,1188,32071.199999999997
社会,学渣的自我修养！画地为牢什么的，常规操作而已,搞笑,165165,364,49804.3
社会,Cardi B《浦巴罗》精彩片段,明星综合,20721,547,6599.2
社会,【原神填词/海底】浮生终一刹，万般皆难舍,手机游戏,23866,505,7513.3
社会,孤勇者小学生 但是特效拉满,鬼畜剧场,337827,3211,103595.79999999999
社会,我只是多看了他一眼，他就拼命追我们，可能是疯了？,汪星人,212167,2935,65704.6
社会,小诊所深藏中医圣手，他用吸血鬼造神奇，为病人好从不多开一副药,科学科普,54592,1045,17109.1
社会,老外vs你的联系方式,搞笑,58616,816,18156.0
社会,剧TOP：豆瓣9.1，现象级韩剧《D.P逃兵追缉令》（上）,影视杂谈,35567,1367,11627.0
社会,“一百一别住酒店了，你上我家住别墅去吧。”出行奇遇，路遇“空城”,出行,13278,1844,5274.2
社会,大家切记 东西咱能不买就不买 能白嫖就白嫖,日常,86296,1420,26882.8
社会,后来的古言剧再无这般惊才绝艳的台词！这来自几百年前的女性呐喊至今振聋发聩,影视剪辑,27498,393,8524.5
社会,求求你别卷了！这玩意在校门口卖10元真不贵…,美食制作,58679,538,17980.3
社会,这玩意才是米饭杀手！！！,美食制作,21558,491,6811.099999999999
社会,中国上海独有的超市？美食堪比世界级食堂！烤猪肘、烤鸡竟然是这味道？,美食测评,23195,431,7260.2
社会,在毕业最后一天和被拒三年的学姐表白？,美妆护肤,65853,889,20378.199999999997
社会,“一步之遥-金州勇士”,篮球,53916,272,16365.199999999999
社会,【神超云顶之弈】T0冒险刀霞！顶级拼多多理解把把吃分， 学会三天上大师！【S7巨龙之境阵容教学】,电子竞技,24624,1540,8465.2
社会,有一个表情管理的教导主任是什么体验,舞蹈综合,209120,1745,63957.5
社会,破败之王超级分身：50个英雄！我一个人就是军队！(破败之王 佛耶戈BUG),电子竞技,11105,875,3944.0
社会,李庄白肉  厨子探店¥199,美食侦探,81812,2064,25988.399999999998
社会,这也行？我国科学家通过蚂蟥体内DNA分析保护区动物！,社会,49235,1040,15498.5
社会,去孔子学院接侯哥放学，检查学习成果，新房子买电缆刚好1000万当地币,出行,21534,1053,7197.299999999999
社会,食人巨鳄横行非洲40年，开枪打不死至今没抓着，现实比电影还离谱···,动物综合,11338,691,3885.1
社会,80买3斤牛最便宜的肉，看着丑，做好香！比牛腱肉还好吃！,美食记录,14823,426,4745.099999999999
出行,【超实用】你的手机号绑定了多少app？30秒快速查询、解绑！,社会,147649,4142,47194.1
出行,读书不知归处，误入书画境中,绘画,380361,1034,114832.1
出行,【暴走大事件第九季】 05 考漂移、测智商、忽悠聊天？扒一扒各国驾考文化,综艺,23295,477,7322.4
出行,夜以继日，蛮横搏斗太刺激，这鱼我等它一年了！,运动综合,31569,2240,11038.699999999999
出行,《 轻 轻 敲 醒 沉 睡 的 心 灵 》,单机游戏,72509,370,22011.7
出行,一个午餐肉罐头能放十年还不坏，原理是什么？,科学科普,46941,957,14752.199999999999
出行,卧槽！原来刘亦菲当年说的都是真的！,粉丝创作,60805,2630,20082.5
出行,这个4年前最被期待的射击游戏终于要来了！【第三次世界大战】,网络游戏,294276,3446,90695.0
出行,你们根本不懂有女儿的快乐………,搞笑,31401,283,9618.4
出行,大庆赶海，发现一只大个猫眼螺藏在沙子里，肥肥的一捏全是水,田园美食,36821,462,11369.699999999999
出行,假如世界禁止嘤嘤怪,健身,21531,314,6679.1
出行,称霸亚洲走向世界？印度的大国梦是怎么破碎的,人文历史,12224,435,3971.7
出行,艾特喜欢汪汪的男孩子来看,汪星人,35004,859,11102.499999999998
出行,为什么男人的韭菜不好割了【沈帅波】,财经商业,18735,1048,6354.1
出行,在乡下生活也是一种享受,搞笑,39670,412,12189.4
出行,千 万 别 在 西 藏 上 厕 所 ！,出行,34923,908,11112.5
出行,编剧真的没有必要让男女主强行双洁！！！,影视杂谈,24466,3325,9667.3
出行,课 堂 请 勿 对 对 子【2022毕业篇】！！！,短片·手书·配音,298436,1774,90772.6
出行,金字塔尖的做法！肉香和豆豉香结合，下饭简直一绝~丨回锅肉,美食制作,18163,606,5873.099999999999
出行,原来蹭吃蹭喝这么幸福，就不知道以后有没有机会呀，哈哈哈,出行,58195,456,17777.7
出行,2022《伴你成长》毕业季大合唱来了！,MV,142981,1706,44088.49999999999
出行,在印度想家了怎么办？吃点家乡的美食！,美食侦探,148959,2340,46325.7
出行,如果僵尸拿起了铲子！,单机游戏,305280,477,91917.9
出行,谢谢你，虚空妈咪,电子竞技,53887,962,16839.5
出行,空灵嗓音直击灵魂深处，男女合唱英文版《海底》,翻唱,13895,459,4489.8
出行,我知道，喜茶很想弄死我...,美食制作,104132,1188,32071.199999999997
出行,学渣的自我修养！画地为牢什么的，常规操作而已,搞笑,165165,364,49804.3
出行,Cardi B《浦巴罗》精彩片段,明星综合,20721,547,6599.2
出行,【原神填词/海底】浮生终一刹，万般皆难舍,手机游戏,23866,505,7513.3
出行,孤勇者小学生 但是特效拉满,鬼畜剧场,337827,3211,103595.79999999999
出行,我只是多看了他一眼，他就拼命追我们，可能是疯了？,汪星人,212167,2935,65704.6
出行,小诊所深藏中医圣手，他用吸血鬼造神奇，为病人好从不多开一副药,科学科普,54592,1045,17109.1
出行,老外vs你的联系方式,搞笑,58616,816,18156.0
出行,剧TOP：豆瓣9.1，现象级韩剧《D.P逃兵追缉令》（上）,影视杂谈,35567,1367,11627.0
出行,“一百一别住酒店了，你上我家住别墅去吧。”出行奇遇，路遇“空城”,出行,13278,1844,5274.2
出行,大家切记 东西咱能不买就不买 能白嫖就白嫖,日常,86296,1420,26882.8
出行,后来的古言剧再无这般惊才绝艳的台词！这来自几百年前的女性呐喊至今振聋发聩,影视剪辑,27498,393,8524.5
出行,求求你别卷了！这玩意在校门口卖10元真不贵…,美食制作,58679,538,17980.3
出行,这玩意才是米饭杀手！！！,美食制作,21558,491,6811.099999999999
出行,中国上海独有的超市？美食堪比世界级食堂！烤猪肘、烤鸡竟然是这味道？,美食测评,23195,431,7260.2
出行,在毕业最后一天和被拒三年的学姐表白？,美妆护肤,65853,889,20378.199999999997
出行,“一步之遥-金州勇士”,篮球,53916,272,16365.199999999999
出行,【神超云顶之弈】T0冒险刀霞！顶级拼多多理解把把吃分， 学会三天上大师！【S7巨龙之境阵容教学】,电子竞技,24624,1540,8465.2
出行,有一个表情管理的教导主任是什么体验,舞蹈综合,209120,1745,63957.5
出行,破败之王超级分身：50个英雄！我一个人就是军队！(破败之王 佛耶戈BUG),电子竞技,11105,875,3944.0
出行,李庄白肉  厨子探店¥199,美食侦探,81812,2064,25988.399999999998
出行,这也行？我国科学家通过蚂蟥体内DNA分析保护区动物！,社会,49235,1040,15498.5
出行,去孔子学院接侯哥放学，检查学习成果，新房子买电缆刚好1000万当地币,出行,21534,1053,7197.299999999999
出行,食人巨鳄横行非洲40年，开枪打不死至今没抓着，现实比电影还离谱···,动物综合,11338,691,3885.1
出行,80买3斤牛最便宜的肉，看着丑，做好香！比牛腱肉还好吃！,美食记录,14823,426,4745.099999999999
电子竞技,【超实用】你的手机号绑定了多少app？30秒快速查询、解绑！,社会,147649,4142,47194.1
电子竞技,读书不知归处，误入书画境中,绘画,380361,1034,114832.1
电子竞技,【暴走大事件第九季】 05 考漂移、测智商、忽悠聊天？扒一扒各国驾考文化,综艺,23295,477,7322.4
电子竞技,夜以继日，蛮横搏斗太刺激，这鱼我等它一年了！,运动综合,31569,2240,11038.699999999999
电子竞技,《 轻 轻 敲 醒 沉 睡 的 心 灵 》,单机游戏,72509,370,22011.7
电子竞技,一个午餐肉罐头能放十年还不坏，原理是什么？,科学科普,46941,957,14752.199999999999
电子竞技,卧槽！原来刘亦菲当年说的都是真的！,粉丝创作,60805,2630,20082.5
电子竞技,这个4年前最被期待的射击游戏终于要来了！【第三次世界大战】,网络游戏,294276,3446,90695.0
电子竞技,你们根本不懂有女儿的快乐………,搞笑,31401,283,9618.4
电子竞技,大庆赶海，发现一只大个猫眼螺藏在沙子里，肥肥的一捏全是水,田园美食,36821,462,11369.699999999999
电子竞技,假如世界禁止嘤嘤怪,健身,21531,314,6679.1
电子竞技,称霸亚洲走向世界？印度的大国梦是怎么破碎的,人文历史,12224,435,3971.7
电子竞技,艾特喜欢汪汪的男孩子来看,汪星人,35004,859,11102.499999999998
电子竞技,为什么男人的韭菜不好割了【沈帅波】,财经商业,18735,1048,6354.1
电子竞技,在乡下生活也是一种享受,搞笑,39670,412,12189.4
电子竞技,千 万 别 在 西 藏 上 厕 所 ！,出行,34923,908,11112.5
电子竞技,编剧真的没有必要让男女主强行双洁！！！,影视杂谈,24466,3325,9667.3
电子竞技,课 堂 请 勿 对 对 子【2022毕业篇】！！！,短片·手书·配音,298436,1774,90772.6
电子竞技,金字塔尖的做法！肉香和豆豉香结合，下饭简直一绝~丨回锅肉,美食制作,18163,606,5873.099999999999
电子竞技,原来蹭吃蹭喝这么幸福，就不知道以后有没有机会呀，哈哈哈,出行,58195,456,17777.7
电子竞技,2022《伴你成长》毕业季大合唱来了！,MV,142981,1706,44088.49999999999
电子竞技,在印度想家了怎么办？吃点家乡的美食！,美食侦探,148959,2340,46325.7
电子竞技,如果僵尸拿起了铲子！,单机游戏,305280,477,91917.9
电子竞技,谢谢你，虚空妈咪,电子竞技,53887,962,16839.5
电子竞技,空灵嗓音直击灵魂深处，男女合唱英文版《海底》,翻唱,13895,459,4489.8
电子竞技,我知道，喜茶很想弄死我...,美食制作,104132,1188,32071.199999999997
电子竞技,学渣的自我修养！画地为牢什么的，常规操作而已,搞笑,165165,364,49804.3
电子竞技,Cardi B《浦巴罗》精彩片段,明星综合,20721,547,6599.2
电子竞技,【原神填词/海底】浮生终一刹，万般皆难舍,手机游戏,23866,505,7513.3
电子竞技,孤勇者小学生 但是特效拉满,鬼畜剧场,337827,3211,103595.79999999999
电子竞技,我只是多看了他一眼，他就拼命追我们，可能是疯了？,汪星人,212167,2935,65704.6
电子竞技,小诊所深藏中医圣手，他用吸血鬼造神奇，为病人好从不多开一副药,科学科普,54592,1045,17109.1
电子竞技,老外vs你的联系方式,搞笑,58616,816,18156.0
电子竞技,剧TOP：豆瓣9.1，现象级韩剧《D.P逃兵追缉令》（上）,影视杂谈,35567,1367,11627.0
电子竞技,“一百一别住酒店了，你上我家住别墅去吧。”出行奇遇，路遇“空城”,出行,13278,1844,5274.2
电子竞技,大家切记 东西咱能不买就不买 能白嫖就白嫖,日常,86296,1420,26882.8
电子竞技,后来的古言剧再无这般惊才绝艳的台词！这来自几百年前的女性呐喊至今振聋发聩,影视剪辑,27498,393,8524.5
电子竞技,求求你别卷了！这玩意在校门口卖10元真不贵…,美食制作,58679,538,17980.3
电子竞技,这玩意才是米饭杀手！！！,美食制作,21558,491,6811.099999999999
电子竞技,中国上海独有的超市？美食堪比世界级食堂！烤猪肘、烤鸡竟然是这味道？,美食测评,23195,431,7260.2
电子竞技,在毕业最后一天和被拒三年的学姐表白？,美妆护肤,65853,889,20378.199999999997
电子竞技,“一步之遥-金州勇士”,篮球,53916,272,16365.199999999999
电子竞技,【神超云顶之弈】T0冒险刀霞！顶级拼多多理解把把吃分， 学会三天上大师！【S7巨龙之境阵容教学】,电子竞技,24624,1540,8465.2
电子竞技,有一个表情管理的教导主任是什么体验,舞蹈综合,209120,1745,63957.5
电子竞技,破败之王超级分身：50个英雄！我一个人就是军队！(破败之王 佛耶戈BUG),电子竞技,11105,875,3944.0
电子竞技,李庄白肉  厨子探店¥199,美食侦探,81812,2064,25988.399999999998
电子竞技,这也行？我国科学家通过蚂蟥体内DNA分析保护区动物！,社会,49235,1040,15498.5
电子竞技,去孔子学院接侯哥放学，检查学习成果，新房子买电缆刚好1000万当地币,出行,21534,1053,7197.299999999999
电子竞技,食人巨鳄横行非洲40年，开枪打不死至今没抓着，现实比电影还离谱···,动物综合,11338,691,3885.1
电子竞技,80买3斤牛最便宜的肉，看着丑，做好香！比牛腱肉还好吃！,美食记录,14823,426,4745.099999999999
篮球,【超实用】你的手机号绑定了多少app？30秒快速查询、解绑！,社会,147649,4142,47194.1
篮球,读书不知归处，误入书画境中,绘画,380361,1034,114832.1
篮球,【暴走大事件第九季】 05 考漂移、测智商、忽悠聊天？扒一扒各国驾考文化,综艺,23295,477,7322.4
篮球,夜以继日，蛮横搏斗太刺激，这鱼我等它一年了！,运动综合,31569,2240,11038.699999999999
篮球,《 轻 轻 敲 醒 沉 睡 的 心 灵 》,单机游戏,72509,370,22011.7
篮球,一个午餐肉罐头能放十年还不坏，原理是什么？,科学科普,46941,957,14752.199999999999
篮球,卧槽！原来刘亦菲当年说的都是真的！,粉丝创作,60805,2630,20082.5
篮球,这个4年前最被期待的射击游戏终于要来了！【第三次世界大战】,网络游戏,294276,3446,90695.0
篮球,你们根本不懂有女儿的快乐………,搞笑,31401,283,9618.4
篮球,大庆赶海，发现一只大个猫眼螺藏在沙子里，肥肥的一捏全是水,田园美食,36821,462,11369.699999999999
篮球,假如世界禁止嘤嘤怪,健身,21531,314,6679.1
篮球,称霸亚洲走向世界？印度的大国梦是怎么破碎的,人文历史,12224,435,3971.7
篮球,艾特喜欢汪汪的男孩子来看,汪星人,35004,859,11102.499999999998
篮球,为什么男人的韭菜不好割了【沈帅波】,财经商业,18735,1048,6354.1
篮球,在乡下生活也是一种享受,搞笑,39670,412,12189.4
篮球,千 万 别 在 西 藏 上 厕 所 ！,出行,34923,908,11112.5
篮球,编剧真的没有必要让男女主强行双洁！！！,影视杂谈,24466,3325,9667.3
篮球,课 堂 请 勿 对 对 子【2022毕业篇】！！！,短片·手书·配音,298436,1774,90772.6
篮球,金字塔尖的做法！肉香和豆豉香结合，下饭简直一绝~丨回锅肉,美食制作,18163,606,5873.099999999999
篮球,原来蹭吃蹭喝这么幸福，就不知道以后有没有机会呀，哈哈哈,出行,58195,456,17777.7
篮球,2022《伴你成长》毕业季大合唱来了！,MV,142981,1706,44088.49999999999
篮球,在印度想家了怎么办？吃点家乡的美食！,美食侦探,148959,2340,46325.7
篮球,如果僵尸拿起了铲子！,单机游戏,305280,477,91917.9
篮球,谢谢你，虚空妈咪,电子竞技,53887,962,16839.5
篮球,空灵嗓音直击灵魂深处，男女合唱英文版《海底》,翻唱,13895,459,4489.8
篮球,我知道，喜茶很想弄死我...,美食制作,104132,1188,32071.199999999997
篮球,学渣的自我修养！画地为牢什么的，常规操作而已,搞笑,165165,364,49804.3
篮球,Cardi B《浦巴罗》精彩片段,明星综合,20721,547,6599.2
篮球,【原神填词/海底】浮生终一刹，万般皆难舍,手机游戏,23866,505,7513.3
篮球,孤勇者小学生 但是特效拉满,鬼畜剧场,337827,3211,103595.79999999999
篮球,我只是多看了他一眼，他就拼命追我们，可能是疯了？,汪星人,212167,2935,65704.6
篮球,小诊所深藏中医圣手，他用吸血鬼造神奇，为病人好从不多开一副药,科学科普,54592,1045,17109.1
篮球,老外vs你的联系方式,搞笑,58616,816,18156.0
篮球,剧TOP：豆瓣9.1，现象级韩剧《D.P逃兵追缉令》（上）,影视杂谈,35567,1367,11627.0
篮球,“一百一别住酒店了，你上我家住别墅去吧。”出行奇遇，路遇“空城”,出行,13278,1844,5274.2
篮球,大家切记 东西咱能不买就不买 能白嫖就白嫖,日常,86296,1420,26882.8
篮球,后来的古言剧再无这般惊才绝艳的台词！这来自几百年前的女性呐喊至今振聋发聩,影视剪辑,27498,393,8524.5
篮球,求求你别卷了！这玩意在校门口卖10元真不贵…,美食制作,58679,538,17980.3
篮球,这玩意才是米饭杀手！！！,美食制作,21558,491,6811.099999999999
篮球,中国上海独有的超市？美食堪比世界级食堂！烤猪肘、烤鸡竟然是这味道？,美食测评,23195,431,7260.2
篮球,在毕业最后一天和被拒三年的学姐表白？,美妆护肤,65853,889,20378.199999999997
篮球,“一步之遥-金州勇士”,篮球,53916,272,16365.199999999999
篮球,【神超云顶之弈】T0冒险刀霞！顶级拼多多理解把把吃分， 学会三天上大师！【S7巨龙之境阵容教学】,电子竞技,24624,1540,8465.2
篮球,有一个表情管理的教导主任是什么体验,舞蹈综合,209120,1745,63957.5
篮球,破败之王超级分身：50个英雄！我一个人就是军队！(破败之王 佛耶戈BUG),电子竞技,11105,875,3944.0
篮球,李庄白肉  厨子探店¥199,美食侦探,81812,2064,25988.399999999998
篮球,这也行？我国科学家通过蚂蟥体内DNA分析保护区动物！,社会,49235,1040,15498.5
篮球,去孔子学院接侯哥放学，检查学习成果，新房子买电缆刚好1000万当地币,出行,21534,1053,7197.299999999999
篮球,食人巨鳄横行非洲40年，开枪打不死至今没抓着，现实比电影还离谱···,动物综合,11338,691,3885.1
篮球,80买3斤牛最便宜的肉，看着丑，做好香！比牛腱肉还好吃！,美食记录,14823,426,4745.099999999999
网络游戏,【超实用】你的手机号绑定了多少app？30秒快速查询、解绑！,社会,147649,4142,47194.1
网络游戏,读书不知归处，误入书画境中,绘画,380361,1034,114832.1
网络游戏,【暴走大事件第九季】 05 考漂移、测智商、忽悠聊天？扒一扒各国驾考文化,综艺,23295,477,7322.4
网络游戏,夜以继日，蛮横搏斗太刺激，这鱼我等它一年了！,运动综合,31569,2240,11038.699999999999
网络游戏,《 轻 轻 敲 醒 沉 睡 的 心 灵 》,单机游戏,72509,370,22011.7
网络游戏,一个午餐肉罐头能放十年还不坏，原理是什么？,科学科普,46941,957,14752.199999999999
网络游戏,卧槽！原来刘亦菲当年说的都是真的！,粉丝创作,60805,2630,20082.5
网络游戏,这个4年前最被期待的射击游戏终于要来了！【第三次世界大战】,网络游戏,294276,3446,90695.0
网络游戏,你们根本不懂有女儿的快乐………,搞笑,31401,283,9618.4
网络游戏,大庆赶海，发现一只大个猫眼螺藏在沙子里，肥肥的一捏全是水,田园美食,36821,462,11369.699999999999
网络游戏,假如世界禁止嘤嘤怪,健身,21531,314,6679.1
网络游戏,称霸亚洲走向世界？印度的大国梦是怎么破碎的,人文历史,12224,435,3971.7
网络游戏,艾特喜欢汪汪的男孩子来看,汪星人,35004,859,11102.499999999998
网络游戏,为什么男人的韭菜不好割了【沈帅波】,财经商业,18735,1048,6354.1
网络游戏,在乡下生活也是一种享受,搞笑,39670,412,12189.4
网络游戏,千 万 别 在 西 藏 上 厕 所 ！,出行,34923,908,11112.5
网络游戏,编剧真的没有必要让男女主强行双洁！！！,影视杂谈,24466,3325,9667.3
网络游戏,课 堂 请 勿 对 对 子【2022毕业篇】！！！,短片·手书·配音,298436,1774,90772.6
网络游戏,金字塔尖的做法！肉香和豆豉香结合，下饭简直一绝~丨回锅肉,美食制作,18163,606,5873.099999999999
网络游戏,原来蹭吃蹭喝这么幸福，就不知道以后有没有机会呀，哈哈哈,出行,58195,456,17777.7
网络游戏,2022《伴你成长》毕业季大合唱来了！,MV,142981,1706,44088.49999999999
网络游戏,在印度想家了怎么办？吃点家乡的美食！,美食侦探,148959,2340,46325.7
网络游戏,如果僵尸拿起了铲子！,单机游戏,305280,477,91917.9
网络游戏,谢谢你，虚空妈咪,电子竞技,53887,962,16839.5
网络游戏,空灵嗓音直击灵魂深处，男女合唱英文版《海底》,翻唱,13895,459,4489.8
网络游戏,我知道，喜茶很想弄死我...,美食制作,104132,1188,32071.199999999997
网络游戏,学渣的自我修养！画地为牢什么的，常规操作而已,搞笑,165165,364,49804.3
网络游戏,Cardi B《浦巴罗》精彩片段,明星综合,20721,547,6599.2
网络游戏,【原神填词/海底】浮生终一刹，万般皆难舍,手机游戏,23866,505,7513.3
网络游戏,孤勇者小学生 但是特效拉满,鬼畜剧场,337827,3211,103595.79999999999
网络游戏,我只是多看了他一眼，他就拼命追我们，可能是疯了？,汪星人,212167,2935,65704.6
网络游戏,小诊所深藏中医圣手，他用吸血鬼造神奇，为病人好从不多开一副药,科学科普,54592,1045,17109.1
网络游戏,老外vs你的联系方式,搞笑,58616,816,18156.0
网络游戏,剧TOP：豆瓣9.1，现象级韩剧《D.P逃兵追缉令》（上）,影视杂谈,35567,1367,11627.0
网络游戏,“一百一别住酒店了，你上我家住别墅去吧。”出行奇遇，路遇“空城”,出行,13278,1844,5274.2
网络游戏,大家切记 东西咱能不买就不买 能白嫖就白嫖,日常,86296,1420,26882.8
网络游戏,后来的古言剧再无这般惊才绝艳的台词！这来自几百年前的女性呐喊至今振聋发聩,影视剪辑,27498,393,8524.5
网络游戏,求求你别卷了！这玩意在校门口卖10元真不贵…,美食制作,58679,538,17980.3
网络游戏,这玩意才是米饭杀手！！！,美食制作,21558,491,6811.099999999999
网络游戏,中国上海独有的超市？美食堪比世界级食堂！烤猪肘、烤鸡竟然是这味道？,美食测评,23195,431,7260.2
网络游戏,在毕业最后一天和被拒三年的学姐表白？,美妆护肤,65853,889,20378.199999999997
网络游戏,“一步之遥-金州勇士”,篮球,53916,272,16365.199999999999
网络游戏,【神超云顶之弈】T0冒险刀霞！顶级拼多多理解把把吃分， 学会三天上大师！【S7巨龙之境阵容教学】,电子竞技,24624,1540,8465.2
网络游戏,有一个表情管理的教导主任是什么体验,舞蹈综合,209120,1745,63957.5
网络游戏,破败之王超级分身：50个英雄！我一个人就是军队！(破败之王 佛耶戈BUG),电子竞技,11105,875,3944.0
网络游戏,李庄白肉  厨子探店¥199,美食侦探,81812,2064,25988.399999999998
网络游戏,这也行？我国科学家通过蚂蟥体内DNA分析保护区动物！,社会,49235,1040,15498.5
网络游戏,去孔子学院接侯哥放学，检查学习成果，新房子买电缆刚好1000万当地币,出行,21534,1053,7197.299999999999
网络游戏,食人巨鳄横行非洲40年，开枪打不死至今没抓着，现实比电影还离谱···,动物综合,11338,691,3885.1
网络游戏,80买3斤牛最便宜的肉，看着丑，做好香！比牛腱肉还好吃！,美食记录,14823,426,4745.099999999999
美食测评,【超实用】你的手机号绑定了多少app？30秒快速查询、解绑！,社会,147649,4142,47194.1
美食测评,读书不知归处，误入书画境中,绘画,380361,1034,114832.1
美食测评,【暴走大事件第九季】 05 考漂移、测智商、忽悠聊天？扒一扒各国驾考文化,综艺,23295,477,7322.4
美食测评,夜以继日，蛮横搏斗太刺激，这鱼我等它一年了！,运动综合,31569,2240,11038.699999999999
美食测评,《 轻 轻 敲 醒 沉 睡 的 心 灵 》,单机游戏,72509,370,22011.7
美食测评,一个午餐肉罐头能放十年还不坏，原理是什么？,科学科普,46941,957,14752.199999999999
美食测评,卧槽！原来刘亦菲当年说的都是真的！,粉丝创作,60805,2630,20082.5
美食测评,这个4年前最被期待的射击游戏终于要来了！【第三次世界大战】,网络游戏,294276,3446,90695.0
美食测评,你们根本不懂有女儿的快乐………,搞笑,31401,283,9618.4
美食测评,大庆赶海，发现一只大个猫眼螺藏在沙子里，肥肥的一捏全是水,田园美食,36821,462,11369.699999999999
美食测评,假如世界禁止嘤嘤怪,健身,21531,314,6679.1
美食测评,称霸亚洲走向世界？印度的大国梦是怎么破碎的,人文历史,12224,435,3971.7
美食测评,艾特喜欢汪汪的男孩子来看,汪星人,35004,859,11102.499999999998
美食测评,为什么男人的韭菜不好割了【沈帅波】,财经商业,18735,1048,6354.1
美食测评,在乡下生活也是一种享受,搞笑,39670,412,12189.4
美食测评,千 万 别 在 西 藏 上 厕 所 ！,出行,34923,908,11112.5
美食测评,编剧真的没有必要让男女主强行双洁！！！,影视杂谈,24466,3325,9667.3
美食测评,课 堂 请 勿 对 对 子【2022毕业篇】！！！,短片·手书·配音,298436,1774,90772.6
美食测评,金字塔尖的做法！肉香和豆豉香结合，下饭简直一绝~丨回锅肉,美食制作,18163,606,5873.099999999999
美食测评,原来蹭吃蹭喝这么幸福，就不知道以后有没有机会呀，哈哈哈,出行,58195,456,17777.7
美食测评,2022《伴你成长》毕业季大合唱来了！,MV,142981,1706,44088.49999999999
美食测评,在印度想家了怎么办？吃点家乡的美食！,美食侦探,148959,2340,46325.7
美食测评,如果僵尸拿起了铲子！,单机游戏,305280,477,91917.9
美食测评,谢谢你，虚空妈咪,电子竞技,53887,962,16839.5
美食测评,空灵嗓音直击灵魂深处，男女合唱英文版《海底》,翻唱,13895,459,4489.8
美食测评,我知道，喜茶很想弄死我...,美食制作,104132,1188,32071.199999999997
美食测评,学渣的自我修养！画地为牢什么的，常规操作而已,搞笑,165165,364,49804.3
美食测评,Cardi B《浦巴罗》精彩片段,明星综合,20721,547,6599.2
美食测评,【原神填词/海底】浮生终一刹，万般皆难舍,手机游戏,23866,505,7513.3
美食测评,孤勇者小学生 但是特效拉满,鬼畜剧场,337827,3211,103595.79999999999
美食测评,我只是多看了他一眼，他就拼命追我们，可能是疯了？,汪星人,212167,2935,65704.6
美食测评,小诊所深藏中医圣手，他用吸血鬼造神奇，为病人好从不多开一副药,科学科普,54592,1045,17109.1
美食测评,老外vs你的联系方式,搞笑,58616,816,18156.0
美食测评,剧TOP：豆瓣9.1，现象级韩剧《D.P逃兵追缉令》（上）,影视杂谈,35567,1367,11627.0
美食测评,“一百一别住酒店了，你上我家住别墅去吧。”出行奇遇，路遇“空城”,出行,13278,1844,5274.2
美食测评,大家切记 东西咱能不买就不买 能白嫖就白嫖,日常,86296,1420,26882.8
美食测评,后来的古言剧再无这般惊才绝艳的台词！这来自几百年前的女性呐喊至今振聋发聩,影视剪辑,27498,393,8524.5
美食测评,求求你别卷了！这玩意在校门口卖10元真不贵…,美食制作,58679,538,17980.3
美食测评,这玩意才是米饭杀手！！！,美食制作,21558,491,6811.099999999999
美食测评,中国上海独有的超市？美食堪比世界级食堂！烤猪肘、烤鸡竟然是这味道？,美食测评,23195,431,7260.2
美食测评,在毕业最后一天和被拒三年的学姐表白？,美妆护肤,65853,889,20378.199999999997
美食测评,“一步之遥-金州勇士”,篮球,53916,272,16365.199999999999
美食测评,【神超云顶之弈】T0冒险刀霞！顶级拼多多理解把把吃分， 学会三天上大师！【S7巨龙之境阵容教学】,电子竞技,24624,1540,8465.2
美食测评,有一个表情管理的教导主任是什么体验,舞蹈综合,209120,1745,63957.5
美食测评,破败之王超级分身：50个英雄！我一个人就是军队！(破败之王 佛耶戈BUG),电子竞技,11105,875,3944.0
美食测评,李庄白肉  厨子探店¥199,美食侦探,81812,2064,25988.399999999998
美食测评,这也行？我国科学家通过蚂蟥体内DNA分析保护区动物！,社会,49235,1040,15498.5
美食测评,去孔子学院接侯哥放学，检查学习成果，新房子买电缆刚好1000万当地币,出行,21534,1053,7197.299999999999
美食测评,食人巨鳄横行非洲40年，开枪打不死至今没抓着，现实比电影还离谱···,动物综合,11338,691,3885.1
美食测评,80买3斤牛最便宜的肉，看着丑，做好香！比牛腱肉还好吃！,美食记录,14823,426,4745.099999999999
汪星人,【超实用】你的手机号绑定了多少app？30秒快速查询、解绑！,社会,147649,4142,47194.1
汪星人,读书不知归处，误入书画境中,绘画,380361,1034,114832.1
汪星人,【暴走大事件第九季】 05 考漂移、测智商、忽悠聊天？扒一扒各国驾考文化,综艺,23295,477,7322.4
汪星人,夜以继日，蛮横搏斗太刺激，这鱼我等它一年了！,运动综合,31569,2240,11038.699999999999
汪星人,《 轻 轻 敲 醒 沉 睡 的 心 灵 》,单机游戏,72509,370,22011.7
汪星人,一个午餐肉罐头能放十年还不坏，原理是什么？,科学科普,46941,957,14752.199999999999
汪星人,卧槽！原来刘亦菲当年说的都是真的！,粉丝创作,60805,2630,20082.5
汪星人,这个4年前最被期待的射击游戏终于要来了！【第三次世界大战】,网络游戏,294276,3446,90695.0
汪星人,你们根本不懂有女儿的快乐………,搞笑,31401,283,9618.4
汪星人,大庆赶海，发现一只大个猫眼螺藏在沙子里，肥肥的一捏全是水,田园美食,36821,462,11369.699999999999
汪星人,假如世界禁止嘤嘤怪,健身,21531,314,6679.1
汪星人,称霸亚洲走向世界？印度的大国梦是怎么破碎的,人文历史,12224,435,3971.7
汪星人,艾特喜欢汪汪的男孩子来看,汪星人,35004,859,11102.499999999998
汪星人,为什么男人的韭菜不好割了【沈帅波】,财经商业,18735,1048,6354.1
汪星人,在乡下生活也是一种享受,搞笑,39670,412,12189.4
汪星人,千 万 别 在 西 藏 上 厕 所 ！,出行,34923,908,11112.5
汪星人,编剧真的没有必要让男女主强行双洁！！！,影视杂谈,24466,3325,9667.3
汪星人,课 堂 请 勿 对 对 子【2022毕业篇】！！！,短片·手书·配音,298436,1774,90772.6
汪星人,金字塔尖的做法！肉香和豆豉香结合，下饭简直一绝~丨回锅肉,美食制作,18163,606,5873.099999999999
汪星人,原来蹭吃蹭喝这么幸福，就不知道以后有没有机会呀，哈哈哈,出行,58195,456,17777.7
汪星人,2022《伴你成长》毕业季大合唱来了！,MV,142981,1706,44088.49999999999
汪星人,在印度想家了怎么办？吃点家乡的美食！,美食侦探,148959,2340,46325.7
汪星人,如果僵尸拿起了铲子！,单机游戏,305280,477,91917.9
汪星人,谢谢你，虚空妈咪,电子竞技,53887,962,16839.5
汪星人,空灵嗓音直击灵魂深处，男女合唱英文版《海底》,翻唱,13895,459,4489.8
汪星人,我知道，喜茶很想弄死我...,美食制作,104132,1188,32071.199999999997
汪星人,学渣的自我修养！画地为牢什么的，常规操作而已,搞笑,165165,364,49804.3
汪星人,Cardi B《浦巴罗》精彩片段,明星综合,20721,547,6599.2
汪星人,【原神填词/海底】浮生终一刹，万般皆难舍,手机游戏,23866,505,7513.3
汪星人,孤勇者小学生 但是特效拉满,鬼畜剧场,337827,3211,103595.79999999999
汪星人,我只是多看了他一眼，他就拼命追我们，可能是疯了？,汪星人,212167,2935,65704.6
汪星人,小诊所深藏中医圣手，他用吸血鬼造神奇，为病人好从不多开一副药,科学科普,54592,1045,17109.1
汪星人,老外vs你的联系方式,搞笑,58616,816,18156.0
汪星人,剧TOP：豆瓣9.1，现象级韩剧《D.P逃兵追缉令》（上）,影视杂谈,35567,1367,11627.0
汪星人,“一百一别住酒店了，你上我家住别墅去吧。”出行奇遇，路遇“空城”,出行,13278,1844,5274.2
汪星人,大家切记 东西咱能不买就不买 能白嫖就白嫖,日常,86296,1420,26882.8
汪星人,后来的古言剧再无这般惊才绝艳的台词！这来自几百年前的女性呐喊至今振聋发聩,影视剪辑,27498,393,8524.5
汪星人,求求你别卷了！这玩意在校门口卖10元真不贵…,美食制作,58679,538,17980.3
汪星人,这玩意才是米饭杀手！！！,美食制作,21558,491,6811.099999999999
汪星人,中国上海独有的超市？美食堪比世界级食堂！烤猪肘、烤鸡竟然是这味道？,美食测评,23195,431,7260.2
汪星人,在毕业最后一天和被拒三年的学姐表白？,美妆护肤,65853,889,20378.199999999997
汪星人,“一步之遥-金州勇士”,篮球,53916,272,16365.199999999999
汪星人,【神超云顶之弈】T0冒险刀霞！顶级拼多多理解把把吃分， 学会三天上大师！【S7巨龙之境阵容教学】,电子竞技,24624,1540,8465.2
汪星人,有一个表情管理的教导主任是什么体验,舞蹈综合,209120,1745,63957.5
汪星人,破败之王超级分身：50个英雄！我一个人就是军队！(破败之王 佛耶戈BUG),电子竞技,11105,875,3944.0
汪星人,李庄白肉  厨子探店¥199,美食侦探,81812,2064,25988.399999999998
汪星人,这也行？我国科学家通过蚂蟥体内DNA分析保护区动物！,社会,49235,1040,15498.5
汪星人,去孔子学院接侯哥放学，检查学习成果，新房子买电缆刚好1000万当地币,出行,21534,1053,7197.299999999999
汪星人,食人巨鳄横行非洲40年，开枪打不死至今没抓着，现实比电影还离谱···,动物综合,11338,691,3885.1
汪星人,80买3斤牛最便宜的肉，看着丑，做好香！比牛腱肉还好吃！,美食记录,14823,426,4745.099999999999
田园美食,【超实用】你的手机号绑定了多少app？30秒快速查询、解绑！,社会,147649,4142,47194.1
田园美食,读书不知归处，误入书画境中,绘画,380361,1034,114832.1
田园美食,【暴走大事件第九季】 05 考漂移、测智商、忽悠聊天？扒一扒各国驾考文化,综艺,23295,477,7322.4
田园美食,夜以继日，蛮横搏斗太刺激，这鱼我等它一年了！,运动综合,31569,2240,11038.699999999999
田园美食,《 轻 轻 敲 醒 沉 睡 的 心 灵 》,单机游戏,72509,370,22011.7
田园美食,一个午餐肉罐头能放十年还不坏，原理是什么？,科学科普,46941,957,14752.199999999999
田园美食,卧槽！原来刘亦菲当年说的都是真的！,粉丝创作,60805,2630,20082.5
田园美食,这个4年前最被期待的射击游戏终于要来了！【第三次世界大战】,网络游戏,294276,3446,90695.0
田园美食,你们根本不懂有女儿的快乐………,搞笑,31401,283,9618.4
田园美食,大庆赶海，发现一只大个猫眼螺藏在沙子里，肥肥的一捏全是水,田园美食,36821,462,11369.699999999999
田园美食,假如世界禁止嘤嘤怪,健身,21531,314,6679.1
田园美食,称霸亚洲走向世界？印度的大国梦是怎么破碎的,人文历史,12224,435,3971.7
田园美食,艾特喜欢汪汪的男孩子来看,汪星人,35004,859,11102.499999999998
田园美食,为什么男人的韭菜不好割了【沈帅波】,财经商业,18735,1048,6354.1
田园美食,在乡下生活也是一种享受,搞笑,39670,412,12189.4
田园美食,千 万 别 在 西 藏 上 厕 所 ！,出行,34923,908,11112.5
田园美食,编剧真的没有必要让男女主强行双洁！！！,影视杂谈,24466,3325,9667.3
田园美食,课 堂 请 勿 对 对 子【2022毕业篇】！！！,短片·手书·配音,298436,1774,90772.6
田园美食,金字塔尖的做法！肉香和豆豉香结合，下饭简直一绝~丨回锅肉,美食制作,18163,606,5873.099999999999
田园美食,原来蹭吃蹭喝这么幸福，就不知道以后有没有机会呀，哈哈哈,出行,58195,456,17777.7
田园美食,2022《伴你成长》毕业季大合唱来了！,MV,142981,1706,44088.49999999999
田园美食,在印度想家了怎么办？吃点家乡的美食！,美食侦探,148959,2340,46325.7
田园美食,如果僵尸拿起了铲子！,单机游戏,305280,477,91917.9
田园美食,谢谢你，虚空妈咪,电子竞技,53887,962,16839.5
田园美食,空灵嗓音直击灵魂深处，男女合唱英文版《海底》,翻唱,13895,459,4489.8
田园美食,我知道，喜茶很想弄死我...,美食制作,104132,1188,32071.199999999997
田园美食,学渣的自我修养！画地为牢什么的，常规操作而已,搞笑,165165,364,49804.3
田园美食,Cardi B《浦巴罗》精彩片段,明星综合,20721,547,6599.2
田园美食,【原神填词/海底】浮生终一刹，万般皆难舍,手机游戏,23866,505,7513.3
田园美食,孤勇者小学生 但是特效拉满,鬼畜剧场,337827,3211,103595.79999999999
田园美食,我只是多看了他一眼，他就拼命追我们，可能是疯了？,汪星人,212167,2935,65704.6
田园美食,小诊所深藏中医圣手，他用吸血鬼造神奇，为病人好从不多开一副药,科学科普,54592,1045,17109.1
田园美食,老外vs你的联系方式,搞笑,58616,816,18156.0
田园美食,剧TOP：豆瓣9.1，现象级韩剧《D.P逃兵追缉令》（上）,影视杂谈,35567,1367,11627.0
田园美食,“一百一别住酒店了，你上我家住别墅去吧。”出行奇遇，路遇“空城”,出行,13278,1844,5274.2
田园美食,大家切记 东西咱能不买就不买 能白嫖就白嫖,日常,86296,1420,26882.8
田园美食,后来的古言剧再无这般惊才绝艳的台词！这来自几百年前的女性呐喊至今振聋发聩,影视剪辑,27498,393,8524.5
田园美食,求求你别卷了！这玩意在校门口卖10元真不贵…,美食制作,58679,538,17980.3
田园美食,这玩意才是米饭杀手！！！,美食制作,21558,491,6811.099999999999
田园美食,中国上海独有的超市？美食堪比世界级食堂！烤猪肘、烤鸡竟然是这味道？,美食测评,23195,431,7260.2
田园美食,在毕业最后一天和被拒三年的学姐表白？,美妆护肤,65853,889,20378.199999999997
田园美食,“一步之遥-金州勇士”,篮球,53916,272,16365.199999999999
田园美食,【神超云顶之弈】T0冒险刀霞！顶级拼多多理解把把吃分， 学会三天上大师！【S7巨龙之境阵容教学】,电子竞技,24624,1540,8465.2
田园美食,有一个表情管理的教导主任是什么体验,舞蹈综合,209120,1745,63957.5
田园美食,破败之王超级分身：50个英雄！我一个人就是军队！(破败之王 佛耶戈BUG),电子竞技,11105,875,3944.0
田园美食,李庄白肉  厨子探店¥199,美食侦探,81812,2064,25988.399999999998
田园美食,这也行？我国科学家通过蚂蟥体内DNA分析保护区动物！,社会,49235,1040,15498.5
田园美食,去孔子学院接侯哥放学，检查学习成果，新房子买电缆刚好1000万当地币,出行,21534,1053,7197.299999999999
田园美食,食人巨鳄横行非洲40年，开枪打不死至今没抓着，现实比电影还离谱···,动物综合,11338,691,3885.1
田园美食,80买3斤牛最便宜的肉，看着丑，做好香！比牛腱肉还好吃！,美食记录,14823,426,4745.099999999999
动物综合,【超实用】你的手机号绑定了多少app？30秒快速查询、解绑！,社会,147649,4142,47194.1
动物综合,读书不知归处，误入书画境中,绘画,380361,1034,114832.1
动物综合,【暴走大事件第九季】 05 考漂移、测智商、忽悠聊天？扒一扒各国驾考文化,综艺,23295,477,7322.4
动物综合,夜以继日，蛮横搏斗太刺激，这鱼我等它一年了！,运动综合,31569,2240,11038.699999999999
动物综合,《 轻 轻 敲 醒 沉 睡 的 心 灵 》,单机游戏,72509,370,22011.7
动物综合,一个午餐肉罐头能放十年还不坏，原理是什么？,科学科普,46941,957,14752.199999999999
动物综合,卧槽！原来刘亦菲当年说的都是真的！,粉丝创作,60805,2630,20082.5
动物综合,这个4年前最被期待的射击游戏终于要来了！【第三次世界大战】,网络游戏,294276,3446,90695.0
动物综合,你们根本不懂有女儿的快乐………,搞笑,31401,283,9618.4
动物综合,大庆赶海，发现一只大个猫眼螺藏在沙子里，肥肥的一捏全是水,田园美食,36821,462,11369.699999999999
动物综合,假如世界禁止嘤嘤怪,健身,21531,314,6679.1
动物综合,称霸亚洲走向世界？印度的大国梦是怎么破碎的,人文历史,12224,435,3971.7
动物综合,艾特喜欢汪汪的男孩子来看,汪星人,35004,859,11102.499999999998
动物综合,为什么男人的韭菜不好割了【沈帅波】,财经商业,18735,1048,6354.1
动物综合,在乡下生活也是一种享受,搞笑,39670,412,12189.4
动物综合,千 万 别 在 西 藏 上 厕 所 ！,出行,34923,908,11112.5
动物综合,编剧真的没有必要让男女主强行双洁！！！,影视杂谈,24466,3325,9667.3
动物综合,课 堂 请 勿 对 对 子【2022毕业篇】！！！,短片·手书·配音,298436,1774,90772.6
动物综合,金字塔尖的做法！肉香和豆豉香结合，下饭简直一绝~丨回锅肉,美食制作,18163,606,5873.099999999999
动物综合,原来蹭吃蹭喝这么幸福，就不知道以后有没有机会呀，哈哈哈,出行,58195,456,17777.7
动物综合,2022《伴你成长》毕业季大合唱来了！,MV,142981,1706,44088.49999999999
动物综合,在印度想家了怎么办？吃点家乡的美食！,美食侦探,148959,2340,46325.7
动物综合,如果僵尸拿起了铲子！,单机游戏,305280,477,91917.9
动物综合,谢谢你，虚空妈咪,电子竞技,53887,962,16839.5
动物综合,空灵嗓音直击灵魂深处，男女合唱英文版《海底》,翻唱,13895,459,4489.8
动物综合,我知道，喜茶很想弄死我...,美食制作,104132,1188,32071.199999999997
动物综合,学渣的自我修养！画地为牢什么的，常规操作而已,搞笑,165165,364,49804.3
动物综合,Cardi B《浦巴罗》精彩片段,明星综合,20721,547,6599.2
动物综合,【原神填词/海底】浮生终一刹，万般皆难舍,手机游戏,23866,505,7513.3
动物综合,孤勇者小学生 但是特效拉满,鬼畜剧场,337827,3211,103595.79999999999
动物综合,我只是多看了他一眼，他就拼命追我们，可能是疯了？,汪星人,212167,2935,65704.6
动物综合,小诊所深藏中医圣手，他用吸血鬼造神奇，为病人好从不多开一副药,科学科普,54592,1045,17109.1
动物综合,老外vs你的联系方式,搞笑,58616,816,18156.0
动物综合,剧TOP：豆瓣9.1，现象级韩剧《D.P逃兵追缉令》（上）,影视杂谈,35567,1367,11627.0
动物综合,“一百一别住酒店了，你上我家住别墅去吧。”出行奇遇，路遇“空城”,出行,13278,1844,5274.2
动物综合,大家切记 东西咱能不买就不买 能白嫖就白嫖,日常,86296,1420,26882.8
动物综合,后来的古言剧再无这般惊才绝艳的台词！这来自几百年前的女性呐喊至今振聋发聩,影视剪辑,27498,393,8524.5
动物综合,求求你别卷了！这玩意在校门口卖10元真不贵…,美食制作,58679,538,17980.3
动物综合,这玩意才是米饭杀手！！！,美食制作,21558,491,6811.099999999999
动物综合,中国上海独有的超市？美食堪比世界级食堂！烤猪肘、烤鸡竟然是这味道？,美食测评,23195,431,7260.2
动物综合,在毕业最后一天和被拒三年的学姐表白？,美妆护肤,65853,889,20378.199999999997
动物综合,“一步之遥-金州勇士”,篮球,53916,272,16365.199999999999
动物综合,【神超云顶之弈】T0冒险刀霞！顶级拼多多理解把把吃分， 学会三天上大师！【S7巨龙之境阵容教学】,电子竞技,24624,1540,8465.2
动物综合,有一个表情管理的教导主任是什么体验,舞蹈综合,209120,1745,63957.5
动物综合,破败之王超级分身：50个英雄！我一个人就是军队！(破败之王 佛耶戈BUG),电子竞技,11105,875,3944.0
动物综合,李庄白肉  厨子探店¥199,美食侦探,81812,2064,25988.399999999998
动物综合,这也行？我国科学家通过蚂蟥体内DNA分析保护区动物！,社会,49235,1040,15498.5
动物综合,去孔子学院接侯哥放学，检查学习成果，新房子买电缆刚好1000万当地币,出行,21534,1053,7197.299999999999
动物综合,食人巨鳄横行非洲40年，开枪打不死至今没抓着，现实比电影还离谱···,动物综合,11338,691,3885.1
动物综合,80买3斤牛最便宜的肉，看着丑，做好香！比牛腱肉还好吃！,美食记录,14823,426,4745.099999999999
搞笑,【超实用】你的手机号绑定了多少app？30秒快速查询、解绑！,社会,147649,4142,47194.1
搞笑,读书不知归处，误入书画境中,绘画,380361,1034,114832.1
搞笑,【暴走大事件第九季】 05 考漂移、测智商、忽悠聊天？扒一扒各国驾考文化,综艺,23295,477,7322.4
搞笑,夜以继日，蛮横搏斗太刺激，这鱼我等它一年了！,运动综合,31569,2240,11038.699999999999
搞笑,《 轻 轻 敲 醒 沉 睡 的 心 灵 》,单机游戏,72509,370,22011.7
搞笑,一个午餐肉罐头能放十年还不坏，原理是什么？,科学科普,46941,957,14752.199999999999
搞笑,卧槽！原来刘亦菲当年说的都是真的！,粉丝创作,60805,2630,20082.5
搞笑,这个4年前最被期待的射击游戏终于要来了！【第三次世界大战】,网络游戏,294276,3446,90695.0
搞笑,你们根本不懂有女儿的快乐………,搞笑,31401,283,9618.4
搞笑,大庆赶海，发现一只大个猫眼螺藏在沙子里，肥肥的一捏全是水,田园美食,36821,462,11369.699999999999
搞笑,假如世界禁止嘤嘤怪,健身,21531,314,6679.1
搞笑,称霸亚洲走向世界？印度的大国梦是怎么破碎的,人文历史,12224,435,3971.7
搞笑,艾特喜欢汪汪的男孩子来看,汪星人,35004,859,11102.499999999998
搞笑,为什么男人的韭菜不好割了【沈帅波】,财经商业,18735,1048,6354.1
搞笑,在乡下生活也是一种享受,搞笑,39670,412,12189.4
搞笑,千 万 别 在 西 藏 上 厕 所 ！,出行,34923,908,11112.5
搞笑,编剧真的没有必要让男女主强行双洁！！！,影视杂谈,24466,3325,9667.3
搞笑,课 堂 请 勿 对 对 子【2022毕业篇】！！！,短片·手书·配音,298436,1774,90772.6
搞笑,金字塔尖的做法！肉香和豆豉香结合，下饭简直一绝~丨回锅肉,美食制作,18163,606,5873.099999999999
搞笑,原来蹭吃蹭喝这么幸福，就不知道以后有没有机会呀，哈哈哈,出行,58195,456,17777.7
搞笑,2022《伴你成长》毕业季大合唱来了！,MV,142981,1706,44088.49999999999
搞笑,在印度想家了怎么办？吃点家乡的美食！,美食侦探,148959,2340,46325.7
搞笑,如果僵尸拿起了铲子！,单机游戏,305280,477,91917.9
搞笑,谢谢你，虚空妈咪,电子竞技,53887,962,16839.5
搞笑,空灵嗓音直击灵魂深处，男女合唱英文版《海底》,翻唱,13895,459,4489.8
搞笑,我知道，喜茶很想弄死我...,美食制作,104132,1188,32071.199999999997
搞笑,学渣的自我修养！画地为牢什么的，常规操作而已,搞笑,165165,364,49804.3
搞笑,Cardi B《浦巴罗》精彩片段,明星综合,20721,547,6599.2
搞笑,【原神填词/海底】浮生终一刹，万般皆难舍,手机游戏,23866,505,7513.3
搞笑,孤勇者小学生 但是特效拉满,鬼畜剧场,337827,3211,103595.79999999999
搞笑,我只是多看了他一眼，他就拼命追我们，可能是疯了？,汪星人,212167,2935,65704.6
搞笑,小诊所深藏中医圣手，他用吸血鬼造神奇，为病人好从不多开一副药,科学科普,54592,1045,17109.1
搞笑,老外vs你的联系方式,搞笑,58616,816,18156.0
搞笑,剧TOP：豆瓣9.1，现象级韩剧《D.P逃兵追缉令》（上）,影视杂谈,35567,1367,11627.0
搞笑,“一百一别住酒店了，你上我家住别墅去吧。”出行奇遇，路遇“空城”,出行,13278,1844,5274.2
搞笑,大家切记 东西咱能不买就不买 能白嫖就白嫖,日常,86296,1420,26882.8
搞笑,后来的古言剧再无这般惊才绝艳的台词！这来自几百年前的女性呐喊至今振聋发聩,影视剪辑,27498,393,8524.5
搞笑,求求你别卷了！这玩意在校门口卖10元真不贵…,美食制作,58679,538,17980.3
搞笑,这玩意才是米饭杀手！！！,美食制作,21558,491,6811.099999999999
搞笑,中国上海独有的超市？美食堪比世界级食堂！烤猪肘、烤鸡竟然是这味道？,美食测评,23195,431,7260.2
搞笑,在毕业最后一天和被拒三年的学姐表白？,美妆护肤,65853,889,20378.199999999997
搞笑,“一步之遥-金州勇士”,篮球,53916,272,16365.199999999999
搞笑,【神超云顶之弈】T0冒险刀霞！顶级拼多多理解把把吃分， 学会三天上大师！【S7巨龙之境阵容教学】,电子竞技,24624,1540,8465.2
搞笑,有一个表情管理的教导主任是什么体验,舞蹈综合,209120,1745,63957.5
搞笑,破败之王超级分身：50个英雄！我一个人就是军队！(破败之王 佛耶戈BUG),电子竞技,11105,875,3944.0
搞笑,李庄白肉  厨子探店¥199,美食侦探,81812,2064,25988.399999999998
搞笑,这也行？我国科学家通过蚂蟥体内DNA分析保护区动物！,社会,49235,1040,15498.5
搞笑,去孔子学院接侯哥放学，检查学习成果，新房子买电缆刚好1000万当地币,出行,21534,1053,7197.299999999999
搞笑,食人巨鳄横行非洲40年，开枪打不死至今没抓着，现实比电影还离谱···,动物综合,11338,691,3885.1
搞笑,80买3斤牛最便宜的肉，看着丑，做好香！比牛腱肉还好吃！,美食记录,14823,426,4745.099999999999
影视杂谈,【超实用】你的手机号绑定了多少app？30秒快速查询、解绑！,社会,147649,4142,47194.1
影视杂谈,读书不知归处，误入书画境中,绘画,380361,1034,114832.1
影视杂谈,【暴走大事件第九季】 05 考漂移、测智商、忽悠聊天？扒一扒各国驾考文化,综艺,23295,477,7322.4
影视杂谈,夜以继日，蛮横搏斗太刺激，这鱼我等它一年了！,运动综合,31569,2240,11038.699999999999
影视杂谈,《 轻 轻 敲 醒 沉 睡 的 心 灵 》,单机游戏,72509,370,22011.7
影视杂谈,一个午餐肉罐头能放十年还不坏，原理是什么？,科学科普,46941,957,14752.199999999999
影视杂谈,卧槽！原来刘亦菲当年说的都是真的！,粉丝创作,60805,2630,20082.5
影视杂谈,这个4年前最被期待的射击游戏终于要来了！【第三次世界大战】,网络游戏,294276,3446,90695.0
影视杂谈,你们根本不懂有女儿的快乐………,搞笑,31401,283,9618.4
影视杂谈,大庆赶海，发现一只大个猫眼螺藏在沙子里，肥肥的一捏全是水,田园美食,36821,462,11369.699999999999
影视杂谈,假如世界禁止嘤嘤怪,健身,21531,314,6679.1
影视杂谈,称霸亚洲走向世界？印度的大国梦是怎么破碎的,人文历史,12224,435,3971.7
影视杂谈,艾特喜欢汪汪的男孩子来看,汪星人,35004,859,11102.499999999998
影视杂谈,为什么男人的韭菜不好割了【沈帅波】,财经商业,18735,1048,6354.1
影视杂谈,在乡下生活也是一种享受,搞笑,39670,412,12189.4
影视杂谈,千 万 别 在 西 藏 上 厕 所 ！,出行,34923,908,11112.5
影视杂谈,编剧真的没有必要让男女主强行双洁！！！,影视杂谈,24466,3325,9667.3
影视杂谈,课 堂 请 勿 对 对 子【2022毕业篇】！！！,短片·手书·配音,298436,1774,90772.6
影视杂谈,金字塔尖的做法！肉香和豆豉香结合，下饭简直一绝~丨回锅肉,美食制作,18163,606,5873.099999999999
影视杂谈,原来蹭吃蹭喝这么幸福，就不知道以后有没有机会呀，哈哈哈,出行,58195,456,17777.7
影视杂谈,2022《伴你成长》毕业季大合唱来了！,MV,142981,1706,44088.49999999999
影视杂谈,在印度想家了怎么办？吃点家乡的美食！,美食侦探,148959,2340,46325.7
影视杂谈,如果僵尸拿起了铲子！,单机游戏,305280,477,91917.9
影视杂谈,谢谢你，虚空妈咪,电子竞技,53887,962,16839.5
影视杂谈,空灵嗓音直击灵魂深处，男女合唱英文版《海底》,翻唱,13895,459,4489.8
影视杂谈,我知道，喜茶很想弄死我...,美食制作,104132,1188,32071.199999999997
影视杂谈,学渣的自我修养！画地为牢什么的，常规操作而已,搞笑,165165,364,49804.3
影视杂谈,Cardi B《浦巴罗》精彩片段,明星综合,20721,547,6599.2
影视杂谈,【原神填词/海底】浮生终一刹，万般皆难舍,手机游戏,23866,505,7513.3
影视杂谈,孤勇者小学生 但是特效拉满,鬼畜剧场,337827,3211,103595.79999999999
影视杂谈,我只是多看了他一眼，他就拼命追我们，可能是疯了？,汪星人,212167,2935,65704.6
影视杂谈,小诊所深藏中医圣手，他用吸血鬼造神奇，为病人好从不多开一副药,科学科普,54592,1045,17109.1
影视杂谈,老外vs你的联系方式,搞笑,58616,816,18156.0
影视杂谈,剧TOP：豆瓣9.1，现象级韩剧《D.P逃兵追缉令》（上）,影视杂谈,35567,1367,11627.0
影视杂谈,“一百一别住酒店了，你上我家住别墅去吧。”出行奇遇，路遇“空城”,出行,13278,1844,5274.2
影视杂谈,大家切记 东西咱能不买就不买 能白嫖就白嫖,日常,86296,1420,26882.8
影视杂谈,后来的古言剧再无这般惊才绝艳的台词！这来自几百年前的女性呐喊至今振聋发聩,影视剪辑,27498,393,8524.5
影视杂谈,求求你别卷了！这玩意在校门口卖10元真不贵…,美食制作,58679,538,17980.3
影视杂谈,这玩意才是米饭杀手！！！,美食制作,21558,491,6811.099999999999
影视杂谈,中国上海独有的超市？美食堪比世界级食堂！烤猪肘、烤鸡竟然是这味道？,美食测评,23195,431,7260.2
影视杂谈,在毕业最后一天和被拒三年的学姐表白？,美妆护肤,65853,889,20378.199999999997
影视杂谈,“一步之遥-金州勇士”,篮球,53916,272,16365.199999999999
影视杂谈,【神超云顶之弈】T0冒险刀霞！顶级拼多多理解把把吃分， 学会三天上大师！【S7巨龙之境阵容教学】,电子竞技,24624,1540,8465.2
影视杂谈,有一个表情管理的教导主任是什么体验,舞蹈综合,209120,1745,63957.5
影视杂谈,破败之王超级分身：50个英雄！我一个人就是军队！(破败之王 佛耶戈BUG),电子竞技,11105,875,3944.0
影视杂谈,李庄白肉  厨子探店¥199,美食侦探,81812,2064,25988.399999999998
影视杂谈,这也行？我国科学家通过蚂蟥体内DNA分析保护区动物！,社会,49235,1040,15498.5
影视杂谈,去孔子学院接侯哥放学，检查学习成果，新房子买电缆刚好1000万当地币,出行,21534,1053,7197.299999999999
影视杂谈,食人巨鳄横行非洲40年，开枪打不死至今没抓着，现实比电影还离谱···,动物综合,11338,691,3885.1
影视杂谈,80买3斤牛最便宜的肉，看着丑，做好香！比牛腱肉还好吃！,美食记录,14823,426,4745.099999999999
单机游戏,【超实用】你的手机号绑定了多少app？30秒快速查询、解绑！,社会,147649,4142,47194.1
单机游戏,读书不知归处，误入书画境中,绘画,380361,1034,114832.1
单机游戏,【暴走大事件第九季】 05 考漂移、测智商、忽悠聊天？扒一扒各国驾考文化,综艺,23295,477,7322.4
单机游戏,夜以继日，蛮横搏斗太刺激，这鱼我等它一年了！,运动综合,31569,2240,11038.699999999999
单机游戏,《 轻 轻 敲 醒 沉 睡 的 心 灵 》,单机游戏,72509,370,22011.7
单机游戏,一个午餐肉罐头能放十年还不坏，原理是什么？,科学科普,46941,957,14752.199999999999
单机游戏,卧槽！原来刘亦菲当年说的都是真的！,粉丝创作,60805,2630,20082.5
单机游戏,这个4年前最被期待的射击游戏终于要来了！【第三次世界大战】,网络游戏,294276,3446,90695.0
单机游戏,你们根本不懂有女儿的快乐………,搞笑,31401,283,9618.4
单机游戏,大庆赶海，发现一只大个猫眼螺藏在沙子里，肥肥的一捏全是水,田园美食,36821,462,11369.699999999999
单机游戏,假如世界禁止嘤嘤怪,健身,21531,314,6679.1
单机游戏,称霸亚洲走向世界？印度的大国梦是怎么破碎的,人文历史,12224,435,3971.7
单机游戏,艾特喜欢汪汪的男孩子来看,汪星人,35004,859,11102.499999999998
单机游戏,为什么男人的韭菜不好割了【沈帅波】,财经商业,18735,1048,6354.1
单机游戏,在乡下生活也是一种享受,搞笑,39670,412,12189.4
单机游戏,千 万 别 在 西 藏 上 厕 所 ！,出行,34923,908,11112.5
单机游戏,编剧真的没有必要让男女主强行双洁！！！,影视杂谈,24466,3325,9667.3
单机游戏,课 堂 请 勿 对 对 子【2022毕业篇】！！！,短片·手书·配音,298436,1774,90772.6
单机游戏,金字塔尖的做法！肉香和豆豉香结合，下饭简直一绝~丨回锅肉,美食制作,18163,606,5873.099999999999
单机游戏,原来蹭吃蹭喝这么幸福，就不知道以后有没有机会呀，哈哈哈,出行,58195,456,17777.7
单机游戏,2022《伴你成长》毕业季大合唱来了！,MV,142981,1706,44088.49999999999
单机游戏,在印度想家了怎么办？吃点家乡的美食！,美食侦探,148959,2340,46325.7
单机游戏,如果僵尸拿起了铲子！,单机游戏,305280,477,91917.9
单机游戏,谢谢你，虚空妈咪,电子竞技,53887,962,16839.5
单机游戏,空灵嗓音直击灵魂深处，男女合唱英文版《海底》,翻唱,13895,459,4489.8
单机游戏,我知道，喜茶很想弄死我...,美食制作,104132,1188,32071.199999999997
单机游戏,学渣的自我修养！画地为牢什么的，常规操作而已,搞笑,165165,364,49804.3
单机游戏,Cardi B《浦巴罗》精彩片段,明星综合,20721,547,6599.2
单机游戏,【原神填词/海底】浮生终一刹，万般皆难舍,手机游戏,23866,505,7513.3
单机游戏,孤勇者小学生 但是特效拉满,鬼畜剧场,337827,3211,103595.79999999999
单机游戏,我只是多看了他一眼，他就拼命追我们，可能是疯了？,汪星人,212167,2935,65704.6
单机游戏,小诊所深藏中医圣手，他用吸血鬼造神奇，为病人好从不多开一副药,科学科普,54592,1045,17109.1
单机游戏,老外vs你的联系方式,搞笑,58616,816,18156.0
单机游戏,剧TOP：豆瓣9.1，现象级韩剧《D.P逃兵追缉令》（上）,影视杂谈,35567,1367,11627.0
单机游戏,“一百一别住酒店了，你上我家住别墅去吧。”出行奇遇，路遇“空城”,出行,13278,1844,5274.2
单机游戏,大家切记 东西咱能不买就不买 能白嫖就白嫖,日常,86296,1420,26882.8
单机游戏,后来的古言剧再无这般惊才绝艳的台词！这来自几百年前的女性呐喊至今振聋发聩,影视剪辑,27498,393,8524.5
单机游戏,求求你别卷了！这玩意在校门口卖10元真不贵…,美食制作,58679,538,17980.3
单机游戏,这玩意才是米饭杀手！！！,美食制作,21558,491,6811.099999999999
单机游戏,中国上海独有的超市？美食堪比世界级食堂！烤猪肘、烤鸡竟然是这味道？,美食测评,23195,431,7260.2
单机游戏,在毕业最后一天和被拒三年的学姐表白？,美妆护肤,65853,889,20378.199999999997
单机游戏,“一步之遥-金州勇士”,篮球,53916,272,16365.199999999999
单机游戏,【神超云顶之弈】T0冒险刀霞！顶级拼多多理解把把吃分， 学会三天上大师！【S7巨龙之境阵容教学】,电子竞技,24624,1540,8465.2
单机游戏,有一个表情管理的教导主任是什么体验,舞蹈综合,209120,1745,63957.5
单机游戏,破败之王超级分身：50个英雄！我一个人就是军队！(破败之王 佛耶戈BUG),电子竞技,11105,875,3944.0
单机游戏,李庄白肉  厨子探店¥199,美食侦探,81812,2064,25988.399999999998
单机游戏,这也行？我国科学家通过蚂蟥体内DNA分析保护区动物！,社会,49235,1040,15498.5
单机游戏,去孔子学院接侯哥放学，检查学习成果，新房子买电缆刚好1000万当地币,出行,21534,1053,7197.299999999999
单机游戏,食人巨鳄横行非洲40年，开枪打不死至今没抓着，现实比电影还离谱···,动物综合,11338,691,3885.1
单机游戏,80买3斤牛最便宜的肉，看着丑，做好香！比牛腱肉还好吃！,美食记录,14823,426,4745.099999999999
日常,【超实用】你的手机号绑定了多少app？30秒快速查询、解绑！,社会,147649,4142,47194.1
日常,读书不知归处，误入书画境中,绘画,380361,1034,114832.1
日常,【暴走大事件第九季】 05 考漂移、测智商、忽悠聊天？扒一扒各国驾考文化,综艺,23295,477,7322.4
日常,夜以继日，蛮横搏斗太刺激，这鱼我等它一年了！,运动综合,31569,2240,11038.699999999999
日常,《 轻 轻 敲 醒 沉 睡 的 心 灵 》,单机游戏,72509,370,22011.7
日常,一个午餐肉罐头能放十年还不坏，原理是什么？,科学科普,46941,957,14752.199999999999
日常,卧槽！原来刘亦菲当年说的都是真的！,粉丝创作,60805,2630,20082.5
日常,这个4年前最被期待的射击游戏终于要来了！【第三次世界大战】,网络游戏,294276,3446,90695.0
日常,你们根本不懂有女儿的快乐………,搞笑,31401,283,9618.4
日常,大庆赶海，发现一只大个猫眼螺藏在沙子里，肥肥的一捏全是水,田园美食,36821,462,11369.699999999999
日常,假如世界禁止嘤嘤怪,健身,21531,314,6679.1
日常,称霸亚洲走向世界？印度的大国梦是怎么破碎的,人文历史,12224,435,3971.7
日常,艾特喜欢汪汪的男孩子来看,汪星人,35004,859,11102.499999999998
日常,为什么男人的韭菜不好割了【沈帅波】,财经商业,18735,1048,6354.1
日常,在乡下生活也是一种享受,搞笑,39670,412,12189.4
日常,千 万 别 在 西 藏 上 厕 所 ！,出行,34923,908,11112.5
日常,编剧真的没有必要让男女主强行双洁！！！,影视杂谈,24466,3325,9667.3
日常,课 堂 请 勿 对 对 子【2022毕业篇】！！！,短片·手书·配音,298436,1774,90772.6
日常,金字塔尖的做法！肉香和豆豉香结合，下饭简直一绝~丨回锅肉,美食制作,18163,606,5873.099999999999
日常,原来蹭吃蹭喝这么幸福，就不知道以后有没有机会呀，哈哈哈,出行,58195,456,17777.7
日常,2022《伴你成长》毕业季大合唱来了！,MV,142981,1706,44088.49999999999
日常,在印度想家了怎么办？吃点家乡的美食！,美食侦探,148959,2340,46325.7
日常,如果僵尸拿起了铲子！,单机游戏,305280,477,91917.9
日常,谢谢你，虚空妈咪,电子竞技,53887,962,16839.5
日常,空灵嗓音直击灵魂深处，男女合唱英文版《海底》,翻唱,13895,459,4489.8
日常,我知道，喜茶很想弄死我...,美食制作,104132,1188,32071.199999999997
日常,学渣的自我修养！画地为牢什么的，常规操作而已,搞笑,165165,364,49804.3
日常,Cardi B《浦巴罗》精彩片段,明星综合,20721,547,6599.2
日常,【原神填词/海底】浮生终一刹，万般皆难舍,手机游戏,23866,505,7513.3
日常,孤勇者小学生 但是特效拉满,鬼畜剧场,337827,3211,103595.79999999999
日常,我只是多看了他一眼，他就拼命追我们，可能是疯了？,汪星人,212167,2935,65704.6
日常,小诊所深藏中医圣手，他用吸血鬼造神奇，为病人好从不多开一副药,科学科普,54592,1045,17109.1
日常,老外vs你的联系方式,搞笑,58616,816,18156.0
日常,剧TOP：豆瓣9.1，现象级韩剧《D.P逃兵追缉令》（上）,影视杂谈,35567,1367,11627.0
日常,“一百一别住酒店了，你上我家住别墅去吧。”出行奇遇，路遇“空城”,出行,13278,1844,5274.2
日常,大家切记 东西咱能不买就不买 能白嫖就白嫖,日常,86296,1420,26882.8
日常,后来的古言剧再无这般惊才绝艳的台词！这来自几百年前的女性呐喊至今振聋发聩,影视剪辑,27498,393,8524.5
日常,求求你别卷了！这玩意在校门口卖10元真不贵…,美食制作,58679,538,17980.3
日常,这玩意才是米饭杀手！！！,美食制作,21558,491,6811.099999999999
日常,中国上海独有的超市？美食堪比世界级食堂！烤猪肘、烤鸡竟然是这味道？,美食测评,23195,431,7260.2
日常,在毕业最后一天和被拒三年的学姐表白？,美妆护肤,65853,889,20378.199999999997
日常,“一步之遥-金州勇士”,篮球,53916,272,16365.199999999999
日常,【神超云顶之弈】T0冒险刀霞！顶级拼多多理解把把吃分， 学会三天上大师！【S7巨龙之境阵容教学】,电子竞技,24624,1540,8465.2
日常,有一个表情管理的教导主任是什么体验,舞蹈综合,209120,1745,63957.5
日常,破败之王超级分身：50个英雄！我一个人就是军队！(破败之王 佛耶戈BUG),电子竞技,11105,875,3944.0
日常,李庄白肉  厨子探店¥199,美食侦探,81812,2064,25988.399999999998
日常,这也行？我国科学家通过蚂蟥体内DNA分析保护区动物！,社会,49235,1040,15498.5
日常,去孔子学院接侯哥放学，检查学习成果，新房子买电缆刚好1000万当地币,出行,21534,1053,7197.299999999999
日常,食人巨鳄横行非洲40年，开枪打不死至今没抓着，现实比电影还离谱···,动物综合,11338,691,3885.1
日常,80买3斤牛最便宜的肉，看着丑，做好香！比牛腱肉还好吃！,美食记录,14823,426,4745.099999999999
科学科普,【超实用】你的手机号绑定了多少app？30秒快速查询、解绑！,社会,147649,4142,47194.1
科学科普,读书不知归处，误入书画境中,绘画,380361,1034,114832.1
科学科普,【暴走大事件第九季】 05 考漂移、测智商、忽悠聊天？扒一扒各国驾考文化,综艺,23295,477,7322.4
科学科普,夜以继日，蛮横搏斗太刺激，这鱼我等它一年了！,运动综合,31569,2240,11038.699999999999
科学科普,《 轻 轻 敲 醒 沉 睡 的 心 灵 》,单机游戏,72509,370,22011.7
科学科普,一个午餐肉罐头能放十年还不坏，原理是什么？,科学科普,46941,957,14752.199999999999
科学科普,卧槽！原来刘亦菲当年说的都是真的！,粉丝创作,60805,2630,20082.5
科学科普,这个4年前最被期待的射击游戏终于要来了！【第三次世界大战】,网络游戏,294276,3446,90695.0
科学科普,你们根本不懂有女儿的快乐………,搞笑,31401,283,9618.4
科学科普,大庆赶海，发现一只大个猫眼螺藏在沙子里，肥肥的一捏全是水,田园美食,36821,462,11369.699999999999
科学科普,假如世界禁止嘤嘤怪,健身,21531,314,6679.1
科学科普,称霸亚洲走向世界？印度的大国梦是怎么破碎的,人文历史,12224,435,3971.7
科学科普,艾特喜欢汪汪的男孩子来看,汪星人,35004,859,11102.499999999998
科学科普,为什么男人的韭菜不好割了【沈帅波】,财经商业,18735,1048,6354.1
科学科普,在乡下生活也是一种享受,搞笑,39670,412,12189.4
科学科普,千 万 别 在 西 藏 上 厕 所 ！,出行,34923,908,11112.5
科学科普,编剧真的没有必要让男女主强行双洁！！！,影视杂谈,24466,3325,9667.3
科学科普,课 堂 请 勿 对 对 子【2022毕业篇】！！！,短片·手书·配音,298436,1774,90772.6
科学科普,金字塔尖的做法！肉香和豆豉香结合，下饭简直一绝~丨回锅肉,美食制作,18163,606,5873.099999999999
科学科普,原来蹭吃蹭喝这么幸福，就不知道以后有没有机会呀，哈哈哈,出行,58195,456,17777.7
科学科普,2022《伴你成长》毕业季大合唱来了！,MV,142981,1706,44088.49999999999
科学科普,在印度想家了怎么办？吃点家乡的美食！,美食侦探,148959,2340,46325.7
科学科普,如果僵尸拿起了铲子！,单机游戏,305280,477,91917.9
科学科普,谢谢你，虚空妈咪,电子竞技,53887,962,16839.5
科学科普,空灵嗓音直击灵魂深处，男女合唱英文版《海底》,翻唱,13895,459,4489.8
科学科普,我知道，喜茶很想弄死我...,美食制作,104132,1188,32071.199999999997
科学科普,学渣的自我修养！画地为牢什么的，常规操作而已,搞笑,165165,364,49804.3
科学科普,Cardi B《浦巴罗》精彩片段,明星综合,20721,547,6599.2
科学科普,【原神填词/海底】浮生终一刹，万般皆难舍,手机游戏,23866,505,7513.3
科学科普,孤勇者小学生 但是特效拉满,鬼畜剧场,337827,3211,103595.79999999999
科学科普,我只是多看了他一眼，他就拼命追我们，可能是疯了？,汪星人,212167,2935,65704.6
科学科普,小诊所深藏中医圣手，他用吸血鬼造神奇，为病人好从不多开一副药,科学科普,54592,1045,17109.1
科学科普,老外vs你的联系方式,搞笑,58616,816,18156.0
科学科普,剧TOP：豆瓣9.1，现象级韩剧《D.P逃兵追缉令》（上）,影视杂谈,35567,1367,11627.0
科学科普,“一百一别住酒店了，你上我家住别墅去吧。”出行奇遇，路遇“空城”,出行,13278,1844,5274.2
科学科普,大家切记 东西咱能不买就不买 能白嫖就白嫖,日常,86296,1420,26882.8
科学科普,后来的古言剧再无这般惊才绝艳的台词！这来自几百年前的女性呐喊至今振聋发聩,影视剪辑,27498,393,8524.5
科学科普,求求你别卷了！这玩意在校门口卖10元真不贵…,美食制作,58679,538,17980.3
科学科普,这玩意才是米饭杀手！！！,美食制作,21558,491,6811.099999999999
科学科普,中国上海独有的超市？美食堪比世界级食堂！烤猪肘、烤鸡竟然是这味道？,美食测评,23195,431,7260.2
科学科普,在毕业最后一天和被拒三年的学姐表白？,美妆护肤,65853,889,20378.199999999997
科学科普,“一步之遥-金州勇士”,篮球,53916,272,16365.199999999999
科学科普,【神超云顶之弈】T0冒险刀霞！顶级拼多多理解把把吃分， 学会三天上大师！【S7巨龙之境阵容教学】,电子竞技,24624,1540,8465.2
科学科普,有一个表情管理的教导主任是什么体验,舞蹈综合,209120,1745,63957.5
科学科普,破败之王超级分身：50个英雄！我一个人就是军队！(破败之王 佛耶戈BUG),电子竞技,11105,875,3944.0
科学科普,李庄白肉  厨子探店¥199,美食侦探,81812,2064,25988.399999999998
科学科普,这也行？我国科学家通过蚂蟥体内DNA分析保护区动物！,社会,49235,1040,15498.5
科学科普,去孔子学院接侯哥放学，检查学习成果，新房子买电缆刚好1000万当地币,出行,21534,1053,7197.299999999999
科学科普,食人巨鳄横行非洲40年，开枪打不死至今没抓着，现实比电影还离谱···,动物综合,11338,691,3885.1
科学科普,80买3斤牛最便宜的肉，看着丑，做好香！比牛腱肉还好吃！,美食记录,14823,426,4745.099999999999
人文历史,【超实用】你的手机号绑定了多少app？30秒快速查询、解绑！,社会,147649,4142,47194.1
人文历史,读书不知归处，误入书画境中,绘画,380361,1034,114832.1
人文历史,【暴走大事件第九季】 05 考漂移、测智商、忽悠聊天？扒一扒各国驾考文化,综艺,23295,477,7322.4
人文历史,夜以继日，蛮横搏斗太刺激，这鱼我等它一年了！,运动综合,31569,2240,11038.699999999999
人文历史,《 轻 轻 敲 醒 沉 睡 的 心 灵 》,单机游戏,72509,370,22011.7
人文历史,一个午餐肉罐头能放十年还不坏，原理是什么？,科学科普,46941,957,14752.199999999999
人文历史,卧槽！原来刘亦菲当年说的都是真的！,粉丝创作,60805,2630,20082.5
人文历史,这个4年前最被期待的射击游戏终于要来了！【第三次世界大战】,网络游戏,294276,3446,90695.0
人文历史,你们根本不懂有女儿的快乐………,搞笑,31401,283,9618.4
人文历史,大庆赶海，发现一只大个猫眼螺藏在沙子里，肥肥的一捏全是水,田园美食,36821,462,11369.699999999999
人文历史,假如世界禁止嘤嘤怪,健身,21531,314,6679.1
人文历史,称霸亚洲走向世界？印度的大国梦是怎么破碎的,人文历史,12224,435,3971.7
人文历史,艾特喜欢汪汪的男孩子来看,汪星人,35004,859,11102.499999999998
人文历史,为什么男人的韭菜不好割了【沈帅波】,财经商业,18735,1048,6354.1
人文历史,在乡下生活也是一种享受,搞笑,39670,412,12189.4
人文历史,千 万 别 在 西 藏 上 厕 所 ！,出行,34923,908,11112.5
人文历史,编剧真的没有必要让男女主强行双洁！！！,影视杂谈,24466,3325,9667.3
人文历史,课 堂 请 勿 对 对 子【2022毕业篇】！！！,短片·手书·配音,298436,1774,90772.6
人文历史,金字塔尖的做法！肉香和豆豉香结合，下饭简直一绝~丨回锅肉,美食制作,18163,606,5873.099999999999
人文历史,原来蹭吃蹭喝这么幸福，就不知道以后有没有机会呀，哈哈哈,出行,58195,456,17777.7
人文历史,2022《伴你成长》毕业季大合唱来了！,MV,142981,1706,44088.49999999999
人文历史,在印度想家了怎么办？吃点家乡的美食！,美食侦探,148959,2340,46325.7
人文历史,如果僵尸拿起了铲子！,单机游戏,305280,477,91917.9
人文历史,谢谢你，虚空妈咪,电子竞技,53887,962,16839.5
人文历史,空灵嗓音直击灵魂深处，男女合唱英文版《海底》,翻唱,13895,459,4489.8
人文历史,我知道，喜茶很想弄死我...,美食制作,104132,1188,32071.199999999997
人文历史,学渣的自我修养！画地为牢什么的，常规操作而已,搞笑,165165,364,49804.3
人文历史,Cardi B《浦巴罗》精彩片段,明星综合,20721,547,6599.2
人文历史,【原神填词/海底】浮生终一刹，万般皆难舍,手机游戏,23866,505,7513.3
人文历史,孤勇者小学生 但是特效拉满,鬼畜剧场,337827,3211,103595.79999999999
人文历史,我只是多看了他一眼，他就拼命追我们，可能是疯了？,汪星人,212167,2935,65704.6
人文历史,小诊所深藏中医圣手，他用吸血鬼造神奇，为病人好从不多开一副药,科学科普,54592,1045,17109.1
人文历史,老外vs你的联系方式,搞笑,58616,816,18156.0
人文历史,剧TOP：豆瓣9.1，现象级韩剧《D.P逃兵追缉令》（上）,影视杂谈,35567,1367,11627.0
人文历史,“一百一别住酒店了，你上我家住别墅去吧。”出行奇遇，路遇“空城”,出行,13278,1844,5274.2
人文历史,大家切记 东西咱能不买就不买 能白嫖就白嫖,日常,86296,1420,26882.8
人文历史,后来的古言剧再无这般惊才绝艳的台词！这来自几百年前的女性呐喊至今振聋发聩,影视剪辑,27498,393,8524.5
人文历史,求求你别卷了！这玩意在校门口卖10元真不贵…,美食制作,58679,538,17980.3
人文历史,这玩意才是米饭杀手！！！,美食制作,21558,491,6811.099999999999
人文历史,中国上海独有的超市？美食堪比世界级食堂！烤猪肘、烤鸡竟然是这味道？,美食测评,23195,431,7260.2
人文历史,在毕业最后一天和被拒三年的学姐表白？,美妆护肤,65853,889,20378.199999999997
人文历史,“一步之遥-金州勇士”,篮球,53916,272,16365.199999999999
人文历史,【神超云顶之弈】T0冒险刀霞！顶级拼多多理解把把吃分， 学会三天上大师！【S7巨龙之境阵容教学】,电子竞技,24624,1540,8465.2
人文历史,有一个表情管理的教导主任是什么体验,舞蹈综合,209120,1745,63957.5
人文历史,破败之王超级分身：50个英雄！我一个人就是军队！(破败之王 佛耶戈BUG),电子竞技,11105,875,3944.0
人文历史,李庄白肉  厨子探店¥199,美食侦探,81812,2064,25988.399999999998
人文历史,这也行？我国科学家通过蚂蟥体内DNA分析保护区动物！,社会,49235,1040,15498.5
人文历史,去孔子学院接侯哥放学，检查学习成果，新房子买电缆刚好1000万当地币,出行,21534,1053,7197.299999999999
人文历史,食人巨鳄横行非洲40年，开枪打不死至今没抓着，现实比电影还离谱···,动物综合,11338,691,3885.1
人文历史,80买3斤牛最便宜的肉，看着丑，做好香！比牛腱肉还好吃！,美食记录,14823,426,4745.099999999999
明星综合,【超实用】你的手机号绑定了多少app？30秒快速查询、解绑！,社会,147649,4142,47194.1
明星综合,读书不知归处，误入书画境中,绘画,380361,1034,114832.1
明星综合,【暴走大事件第九季】 05 考漂移、测智商、忽悠聊天？扒一扒各国驾考文化,综艺,23295,477,7322.4
明星综合,夜以继日，蛮横搏斗太刺激，这鱼我等它一年了！,运动综合,31569,2240,11038.699999999999
明星综合,《 轻 轻 敲 醒 沉 睡 的 心 灵 》,单机游戏,72509,370,22011.7
明星综合,一个午餐肉罐头能放十年还不坏，原理是什么？,科学科普,46941,957,14752.199999999999
明星综合,卧槽！原来刘亦菲当年说的都是真的！,粉丝创作,60805,2630,20082.5
明星综合,这个4年前最被期待的射击游戏终于要来了！【第三次世界大战】,网络游戏,294276,3446,90695.0
明星综合,你们根本不懂有女儿的快乐………,搞笑,31401,283,9618.4
明星综合,大庆赶海，发现一只大个猫眼螺藏在沙子里，肥肥的一捏全是水,田园美食,36821,462,11369.699999999999
明星综合,假如世界禁止嘤嘤怪,健身,21531,314,6679.1
明星综合,称霸亚洲走向世界？印度的大国梦是怎么破碎的,人文历史,12224,435,3971.7
明星综合,艾特喜欢汪汪的男孩子来看,汪星人,35004,859,11102.499999999998
明星综合,为什么男人的韭菜不好割了【沈帅波】,财经商业,18735,1048,6354.1
明星综合,在乡下生活也是一种享受,搞笑,39670,412,12189.4
明星综合,千 万 别 在 西 藏 上 厕 所 ！,出行,34923,908,11112.5
明星综合,编剧真的没有必要让男女主强行双洁！！！,影视杂谈,24466,3325,9667.3
明星综合,课 堂 请 勿 对 对 子【2022毕业篇】！！！,短片·手书·配音,298436,1774,90772.6
明星综合,金字塔尖的做法！肉香和豆豉香结合，下饭简直一绝~丨回锅肉,美食制作,18163,606,5873.099999999999
明星综合,原来蹭吃蹭喝这么幸福，就不知道以后有没有机会呀，哈哈哈,出行,58195,456,17777.7
明星综合,2022《伴你成长》毕业季大合唱来了！,MV,142981,1706,44088.49999999999
明星综合,在印度想家了怎么办？吃点家乡的美食！,美食侦探,148959,2340,46325.7
明星综合,如果僵尸拿起了铲子！,单机游戏,305280,477,91917.9
明星综合,谢谢你，虚空妈咪,电子竞技,53887,962,16839.5
明星综合,空灵嗓音直击灵魂深处，男女合唱英文版《海底》,翻唱,13895,459,4489.8
明星综合,我知道，喜茶很想弄死我...,美食制作,104132,1188,32071.199999999997
明星综合,学渣的自我修养！画地为牢什么的，常规操作而已,搞笑,165165,364,49804.3
明星综合,Cardi B《浦巴罗》精彩片段,明星综合,20721,547,6599.2
明星综合,【原神填词/海底】浮生终一刹，万般皆难舍,手机游戏,23866,505,7513.3
明星综合,孤勇者小学生 但是特效拉满,鬼畜剧场,337827,3211,103595.79999999999
明星综合,我只是多看了他一眼，他就拼命追我们，可能是疯了？,汪星人,212167,2935,65704.6
明星综合,小诊所深藏中医圣手，他用吸血鬼造神奇，为病人好从不多开一副药,科学科普,54592,1045,17109.1
明星综合,老外vs你的联系方式,搞笑,58616,816,18156.0
明星综合,剧TOP：豆瓣9.1，现象级韩剧《D.P逃兵追缉令》（上）,影视杂谈,35567,1367,11627.0
明星综合,“一百一别住酒店了，你上我家住别墅去吧。”出行奇遇，路遇“空城”,出行,13278,1844,5274.2
明星综合,大家切记 东西咱能不买就不买 能白嫖就白嫖,日常,86296,1420,26882.8
明星综合,后来的古言剧再无这般惊才绝艳的台词！这来自几百年前的女性呐喊至今振聋发聩,影视剪辑,27498,393,8524.5
明星综合,求求你别卷了！这玩意在校门口卖10元真不贵…,美食制作,58679,538,17980.3
明星综合,这玩意才是米饭杀手！！！,美食制作,21558,491,6811.099999999999
明星综合,中国上海独有的超市？美食堪比世界级食堂！烤猪肘、烤鸡竟然是这味道？,美食测评,23195,431,7260.2
明星综合,在毕业最后一天和被拒三年的学姐表白？,美妆护肤,65853,889,20378.199999999997
明星综合,“一步之遥-金州勇士”,篮球,53916,272,16365.199999999999
明星综合,【神超云顶之弈】T0冒险刀霞！顶级拼多多理解把把吃分， 学会三天上大师！【S7巨龙之境阵容教学】,电子竞技,24624,1540,8465.2
明星综合,有一个表情管理的教导主任是什么体验,舞蹈综合,209120,1745,63957.5
明星综合,破败之王超级分身：50个英雄！我一个人就是军队！(破败之王 佛耶戈BUG),电子竞技,11105,875,3944.0
明星综合,李庄白肉  厨子探店¥199,美食侦探,81812,2064,25988.399999999998
明星综合,这也行？我国科学家通过蚂蟥体内DNA分析保护区动物！,社会,49235,1040,15498.5
明星综合,去孔子学院接侯哥放学，检查学习成果，新房子买电缆刚好1000万当地币,出行,21534,1053,7197.299999999999
明星综合,食人巨鳄横行非洲40年，开枪打不死至今没抓着，现实比电影还离谱···,动物综合,11338,691,3885.1
明星综合,80买3斤牛最便宜的肉，看着丑，做好香！比牛腱肉还好吃！,美食记录,14823,426,4745.099999999999
综艺,【超实用】你的手机号绑定了多少app？30秒快速查询、解绑！,社会,147649,4142,47194.1
综艺,读书不知归处，误入书画境中,绘画,380361,1034,114832.1
综艺,【暴走大事件第九季】 05 考漂移、测智商、忽悠聊天？扒一扒各国驾考文化,综艺,23295,477,7322.4
综艺,夜以继日，蛮横搏斗太刺激，这鱼我等它一年了！,运动综合,31569,2240,11038.699999999999
综艺,《 轻 轻 敲 醒 沉 睡 的 心 灵 》,单机游戏,72509,370,22011.7
综艺,一个午餐肉罐头能放十年还不坏，原理是什么？,科学科普,46941,957,14752.199999999999
综艺,卧槽！原来刘亦菲当年说的都是真的！,粉丝创作,60805,2630,20082.5
综艺,这个4年前最被期待的射击游戏终于要来了！【第三次世界大战】,网络游戏,294276,3446,90695.0
综艺,你们根本不懂有女儿的快乐………,搞笑,31401,283,9618.4
综艺,大庆赶海，发现一只大个猫眼螺藏在沙子里，肥肥的一捏全是水,田园美食,36821,462,11369.699999999999
综艺,假如世界禁止嘤嘤怪,健身,21531,314,6679.1
综艺,称霸亚洲走向世界？印度的大国梦是怎么破碎的,人文历史,12224,435,3971.7
综艺,艾特喜欢汪汪的男孩子来看,汪星人,35004,859,11102.499999999998
综艺,为什么男人的韭菜不好割了【沈帅波】,财经商业,18735,1048,6354.1
综艺,在乡下生活也是一种享受,搞笑,39670,412,12189.4
综艺,千 万 别 在 西 藏 上 厕 所 ！,出行,34923,908,11112.5
综艺,编剧真的没有必要让男女主强行双洁！！！,影视杂谈,24466,3325,9667.3
综艺,课 堂 请 勿 对 对 子【2022毕业篇】！！！,短片·手书·配音,298436,1774,90772.6
综艺,金字塔尖的做法！肉香和豆豉香结合，下饭简直一绝~丨回锅肉,美食制作,18163,606,5873.099999999999
综艺,原来蹭吃蹭喝这么幸福，就不知道以后有没有机会呀，哈哈哈,出行,58195,456,17777.7
综艺,2022《伴你成长》毕业季大合唱来了！,MV,142981,1706,44088.49999999999
综艺,在印度想家了怎么办？吃点家乡的美食！,美食侦探,148959,2340,46325.7
综艺,如果僵尸拿起了铲子！,单机游戏,305280,477,91917.9
综艺,谢谢你，虚空妈咪,电子竞技,53887,962,16839.5
综艺,空灵嗓音直击灵魂深处，男女合唱英文版《海底》,翻唱,13895,459,4489.8
综艺,我知道，喜茶很想弄死我...,美食制作,104132,1188,32071.199999999997
综艺,学渣的自我修养！画地为牢什么的，常规操作而已,搞笑,165165,364,49804.3
综艺,Cardi B《浦巴罗》精彩片段,明星综合,20721,547,6599.2
综艺,【原神填词/海底】浮生终一刹，万般皆难舍,手机游戏,23866,505,7513.3
综艺,孤勇者小学生 但是特效拉满,鬼畜剧场,337827,3211,103595.79999999999
综艺,我只是多看了他一眼，他就拼命追我们，可能是疯了？,汪星人,212167,2935,65704.6
综艺,小诊所深藏中医圣手，他用吸血鬼造神奇，为病人好从不多开一副药,科学科普,54592,1045,17109.1
综艺,老外vs你的联系方式,搞笑,58616,816,18156.0
综艺,剧TOP：豆瓣9.1，现象级韩剧《D.P逃兵追缉令》（上）,影视杂谈,35567,1367,11627.0
综艺,“一百一别住酒店了，你上我家住别墅去吧。”出行奇遇，路遇“空城”,出行,13278,1844,5274.2
综艺,大家切记 东西咱能不买就不买 能白嫖就白嫖,日常,86296,1420,26882.8
综艺,后来的古言剧再无这般惊才绝艳的台词！这来自几百年前的女性呐喊至今振聋发聩,影视剪辑,27498,393,8524.5
综艺,求求你别卷了！这玩意在校门口卖10元真不贵…,美食制作,58679,538,17980.3
综艺,这玩意才是米饭杀手！！！,美食制作,21558,491,6811.099999999999
综艺,中国上海独有的超市？美食堪比世界级食堂！烤猪肘、烤鸡竟然是这味道？,美食测评,23195,431,7260.2
综艺,在毕业最后一天和被拒三年的学姐表白？,美妆护肤,65853,889,20378.199999999997
综艺,“一步之遥-金州勇士”,篮球,53916,272,16365.199999999999
综艺,【神超云顶之弈】T0冒险刀霞！顶级拼多多理解把把吃分， 学会三天上大师！【S7巨龙之境阵容教学】,电子竞技,24624,1540,8465.2
综艺,有一个表情管理的教导主任是什么体验,舞蹈综合,209120,1745,63957.5
综艺,破败之王超级分身：50个英雄！我一个人就是军队！(破败之王 佛耶戈BUG),电子竞技,11105,875,3944.0
综艺,李庄白肉  厨子探店¥199,美食侦探,81812,2064,25988.399999999998
综艺,这也行？我国科学家通过蚂蟥体内DNA分析保护区动物！,社会,49235,1040,15498.5
综艺,去孔子学院接侯哥放学，检查学习成果，新房子买电缆刚好1000万当地币,出行,21534,1053,7197.299999999999
综艺,食人巨鳄横行非洲40年，开枪打不死至今没抓着，现实比电影还离谱···,动物综合,11338,691,3885.1
综艺,80买3斤牛最便宜的肉，看着丑，做好香！比牛腱肉还好吃！,美食记录,14823,426,4745.099999999999
